speedup,baseline_time,verification_time
1.3121,82.4405,62.8299
1.1704,10.1351,8.6596
1.1095,10.1351,9.1346
1.1262,36.8784,32.7461
1.0457,36.8784,35.2672
1.1639,12.1912,10.4746
1.1120,12.1912,10.9636
1.0991,12.1912,11.0920
1.7490,12.7748,7.3041
1.0447,15.1966,14.5467
1.2657,10.7454,8.4894
1.0212,7.1717,7.0229
5.5975,42.7418,7.6359
2.4988,38.6703,15.4759
2.2549,38.6703,17.1493
1.8652,38.6703,20.7323
1.5878,38.6703,24.3553
1.2505,7.4317,5.9428
1.0204,36.4308,35.7036
3.4717,139.7506,40.2546
1.4645,139.7506,95.4252
1.2313,139.7506,113.5028
1.0349,46.8124,45.2320
1.2338,85.4215,69.2335
1.0746,85.4215,79.4913
3.7225,181.6020,48.7847
3.0966,181.6020,58.6463
2.5797,181.6020,70.3959
1.8273,43.5971,23.8582
1.6864,43.5971,25.8523
1.5928,43.5971,27.3705
5.1646,388.6424,75.2514
4.6302,388.6424,83.9368
4.0484,388.6424,95.9996
2.8153,388.6424,138.0451
3.3411,593.5901,177.6638
3.1122,593.5901,190.7297
3.1025,593.5901,191.3255
14.2326,298.4273,20.9678
12.9906,298.4273,22.9726
7.4757,298.4273,39.9196
1.4783,47.1522,31.8966
1.9504,57.0857,29.2683
1.8021,57.0857,31.6774
1.6335,57.0857,34.9472
2.9415,76.2914,25.9366
2.8985,76.2914,26.3214
2.4261,76.2914,31.4467
1.1803,76.2914,64.6381
2.6317,76.2914,28.9898
2.4831,62.0367,24.9838
2.3358,62.0367,26.5585
2.3264,62.0367,26.6666
5.2945,363.8692,68.7261
2.4170,101.6429,42.0525
2.0406,101.6429,49.8113
2.3057,178.2726,77.3189
2.1056,178.2726,84.6643
1.5781,38.0581,24.1162
1.4524,38.0581,26.2027
3.2536,88.9395,27.3358
2.9859,88.9395,29.7867
1.0528,88.9395,84.4758
1.3722,29.4952,21.4942
1.3639,29.4952,21.6263
1.3428,29.4952,21.9656
1.2964,68.0364,52.4821
15.0610,360.7004,23.9494
14.7230,360.7004,24.4991
14.3664,360.7004,25.1072
10.0870,360.7004,35.7588
2.6025,87.0899,33.4634
2.4986,87.0899,34.8559
1.2790,87.0899,68.0941
1.0983,7.9938,7.2786
1.1805,10.1638,8.6094
1.1519,10.1638,8.8232
1.1294,10.1638,8.9993
1.1449,13.0806,11.4251
1.0821,13.0806,12.0878
1.0447,13.0806,12.5212
1.3691,18.3571,13.4078
1.3385,18.3571,13.7142
1.0370,18.3571,17.7025
1.8762,18.3571,9.7843
1.6307,10.9712,6.7280
1.0917,7.5967,6.9588
1.0894,7.5967,6.9735
1.0330,6.5569,6.3477
1.0064,6.5569,6.5151
1.0372,6.5196,6.2858
1.0314,6.5196,6.3209
1.2484,7.5237,6.0268
2.7588,113.9189,41.2932
2.2846,113.9189,49.8637
1.5625,10.0649,6.4416
1.4838,10.0649,6.7830
2.0491,10.6312,5.1882
1.7832,13.1937,7.3989
1.7674,13.1937,7.4650
2.0144,10.1298,5.0286
1.2598,15.2088,12.0727
1.2451,15.2088,12.2146
1.2178,15.2088,12.4882
1.1994,15.2088,12.6802
2.0259,12.7254,6.2814
2.2029,17.1004,7.7626
1.8956,17.1004,9.0211
1.8562,17.1004,9.2124
2.0077,17.1004,8.5174
2.0386,17.1004,8.3884
2.1362,17.1004,8.0050
2.1284,17.1004,8.0343
1.6375,17.1004,10.4429
1.6193,17.1004,10.5602
1.5717,17.1004,10.8798
2.1760,17.1004,7.8585
1.7052,11.4656,6.7239
1.6709,11.4656,6.8618
1.5963,12.5355,7.8531
1.4535,12.5355,8.6243
1.3740,12.5355,9.1237
1.4325,10.4288,7.2802
1.3687,10.4288,7.6193
1.8142,10.1016,5.5682
1.0445,14.7990,14.1683
8.4232,97.0210,11.5183
7.8036,97.0210,12.4328
7.7572,97.0210,12.5072
7.7192,97.0210,12.5688
2.0238,11.4709,5.6679
6.2476,56.0726,8.9750
1.1213,9.1269,8.1394
1.1092,9.1269,8.2284
1.1163,34.5802,30.9789
1.1102,34.5802,31.1488
1.0364,34.5802,33.3652
1.0855,8.2720,7.6203
1.0270,8.2720,8.0546
1.2336,10.6502,8.6332
1.2001,10.6502,8.8745
1.1380,10.6502,9.3586
1.0945,10.6502,9.7309
1.7281,9.2050,5.3266
1.2992,8.1540,6.2763
1.3679,10.2635,7.5032
3.3784,56.4124,16.6981
3.3270,56.4124,16.9558
3.2742,56.4124,17.2293
1.5325,7.8842,5.1446
1.2435,22.7464,18.2917
1.1167,22.7464,20.3687
1.0714,22.7464,21.2309
1.5034,10.1277,6.7364
1.5228,8.0813,5.3067
1.3400,9.4982,7.0880
1.2986,9.4982,7.3143
1.1659,9.4982,8.1468
1.7676,71.4705,40.4326
1.3752,71.4705,51.9709
1.2451,71.4705,57.3993
1.2377,17.1075,13.8220
1.0665,17.1075,16.0414
1.0322,10.6628,10.3306
1.0133,10.6628,10.5230
1.3557,8.8124,6.5003
1.2786,8.8124,6.8921
1.1939,8.7200,7.3036
1.1774,8.7200,7.4063
1.1556,8.7200,7.5460
6.3257,83.0840,13.1345
4.4321,83.0840,18.7459
1.8496,11.5779,6.2597
1.5221,11.6294,7.6402
1.5089,11.6294,7.7074
1.4715,11.6294,7.9033
1.7070,10.1641,5.9543
1.6744,17.5872,10.5036
1.7393,78.0252,44.8612
1.8115,10.1657,5.6116
1.8370,11.1483,6.0686
1.4912,11.1483,7.4761
1.3792,11.1483,8.0831
1.7302,11.1483,6.4432
2.3891,22.3572,9.3580
2.2325,22.3572,10.0146
1.7428,29.9384,17.1787
1.5989,29.9384,18.7244
1.0176,29.9384,29.4193
1.6058,512.3215,319.0447
1.2930,512.3215,396.2333
1.0128,11.2431,11.1013
1.1179,15.0991,13.5073
1.3576,24.5863,18.1103
1.1945,24.5863,20.5836
1.1825,24.5863,20.7910
1.0108,24.5863,24.3228
1.0904,9.2814,8.5118
1.0550,9.2814,8.7978
1.1281,13.3244,11.8118
1.0633,13.3244,12.5309
1.4907,13.8315,9.2783
12.8617,120.0461,9.3336
2.2960,120.0461,52.2854
1.1073,120.0461,108.4120
1.3377,10.7583,8.0423
1.3304,10.7583,8.0866
1.5919,12.1963,7.6614
2.1213,30.6954,14.4699
2.1115,30.6954,14.5373
1.0274,28.4437,27.6854
1.0248,28.4437,27.7561
1.0157,28.4437,28.0046
1.5482,16.4009,10.5938
1.2896,16.4009,12.7179
1.2288,18.7258,15.2386
1.1750,18.7258,15.9369
1.1833,10.7714,9.1025
1.0909,10.7714,9.8736
1.0594,10.7714,10.1676
1.0335,10.7714,10.4221
1.5154,12.0497,7.9516
1.4731,12.0497,8.1800
4.7779,67.2302,14.0711
1.0086,10.5794,10.4895
1.0018,10.5794,10.5608
1.2238,8.8075,7.1965
1.3857,8.1612,5.8894
1.1151,8.2576,7.4052
1.0948,8.2576,7.5427
1.2272,13.4690,10.9754
1.2119,13.4690,11.1143
1.3020,9.1653,7.0395
1.2931,9.1653,7.0877
15.7568,174.0881,11.0484
2.6307,174.0881,66.1760
1.8845,12.5433,6.6561
1.5576,14.6171,9.3844
1.5203,14.6171,9.6145
1.1977,9.9819,8.3341
1.1859,9.9819,8.4173
1.1221,9.9819,8.8955
1.3012,13.7968,10.6030
1.2956,13.7968,10.6486
1.7272,13.7968,7.9878
1.6902,16.4561,9.7359
1.2219,16.4561,13.4676
1.1155,16.4561,14.7519
1.0798,16.4561,15.2400
1.8307,10.9336,5.9722
1.2266,10.5961,8.6384
1.1861,10.5961,8.9339
1.4291,45.7578,32.0194
1.2392,45.7578,36.9243
1.1695,45.7578,39.1244
1.1606,45.7578,39.4259
22.8420,262.9217,11.5104
22.5111,262.9217,11.6797
21.8462,262.9217,12.0351
20.3534,262.9217,12.9178
1.9073,11.4744,6.0162
2.0098,11.4744,5.7092
2.3714,17.3704,7.3250
2.0650,17.3704,8.4118
1.9468,17.3704,8.9225
2.4638,17.3704,7.0504
2.5794,17.3704,6.7342
2.2650,13.9144,6.1432
2.1312,12.3847,5.8112
2.3722,19.2147,8.0998
2.3831,19.2147,8.0629
2.1453,19.2147,8.9565
1.5597,10.2561,6.5757
1.4116,12.7968,9.0653
1.2309,12.7968,10.3964
1.2011,12.7968,10.6545
1.1798,12.7968,10.8466
1.6244,10.7565,6.6217
1.7480,11.0394,6.3154
1.7517,9.8746,5.6371
2.1591,38.6900,17.9196
1.1220,38.6900,34.4845
1.4930,9.0873,6.0867
1.3845,8.3232,6.0116
1.6678,11.8315,7.0940
1.4430,12.0283,8.3358
1.4207,12.0283,8.4663
1.8105,10.3026,5.6905
1.6132,11.5544,7.1626
3.2544,26.4656,8.1323
1.5906,10.3747,6.5225
1.5685,10.3747,6.6146
1.6947,20.7045,12.2172
1.8781,10.5015,5.5916
1.6644,12.2368,7.3522
1.8421,10.0047,5.4312
1.8762,10.6261,5.6636
1.2633,12.6933,10.0481
1.2178,12.6933,10.4233
1.1596,12.6933,10.9460
1.8770,11.7379,6.2537
1.0312,12.7836,12.3971
1.3409,14.2780,10.6484
1.2518,14.2780,11.4063
1.3346,14.2780,10.6982
1.2384,14.2780,11.5296
1.1956,14.2780,11.9426
1.4416,11.6251,8.0640
1.5998,11.6251,7.2665
1.6487,17.8743,10.8417
1.5102,17.8743,11.8357
1.4883,17.8743,12.0099
1.8484,10.4323,5.6440
1.8701,10.4323,5.5784
1.7765,10.4889,5.9041
1.7565,10.1396,5.7727
3.6880,38.2129,10.3613
3.6684,38.2129,10.4166
1.3116,11.7441,8.9540
1.2078,11.7441,9.7235
31.8898,264.6058,8.2975
28.8221,264.6058,9.1807
1.2139,13.3166,10.9703
1.2079,13.3166,11.0241
1.2034,13.3166,11.0660
1.1470,13.3166,11.6100
1.3610,12.6240,9.2756
1.2549,12.6240,10.0598
1.6586,11.2201,6.7647
1.6039,11.5223,7.1840
1.4315,11.5223,8.0488
1.5725,11.8300,7.5230
1.5009,11.8300,7.8819
2.1300,15.4125,7.2361
1.8743,10.7579,5.7396
1.4384,13.2768,9.2300
1.3435,13.2768,9.8824
1.2252,13.2768,10.8363
1.6275,13.2768,8.1580
1.6044,13.2768,8.2754
1.8131,13.2768,7.3228
1.3923,13.2768,9.5356
1.3616,13.2768,9.7511
1.3466,13.2768,9.8597
1.9576,13.2768,6.7821
1.8829,11.2645,5.9827
1.8589,11.2645,6.0599
1.3311,9.9267,7.4574
1.3007,9.9267,7.6321
1.2498,8.9274,7.1433
1.3826,9.1150,6.5927
1.1928,8.9699,7.5203
1.1284,8.9699,7.9489
1.1459,9.7528,8.5107
1.2325,9.7528,7.9132
1.0015,10.5606,10.5445
1.0953,11.9167,10.8796
1.0805,14.8987,13.7889
1.0093,14.8987,14.7618
2.9523,66.2684,22.4461
2.0078,66.2684,33.0056
3.3967,66.2684,19.5094
3.1699,66.2684,20.9057
1.7236,66.2684,38.4482
1.6515,66.2684,40.1268
1.2787,12.2748,9.5994
1.9131,24.3233,12.7140
1.8318,24.3233,13.2785
1.7492,24.3233,13.9053
1.5323,24.3233,15.8733
1.2469,24.3233,19.5075
1.1912,24.3233,20.4200
1.1687,24.3233,20.8127
1.1966,11.6808,9.7620
1.1705,11.6808,9.9795
1.1483,11.6808,10.1724
1.1100,10.5478,9.5021
1.1028,10.5478,9.5646
1.2924,12.7346,9.8536
1.2525,12.7346,10.1676
1.2981,11.8044,9.0939
1.1333,15.3154,13.5146
1.0841,15.3154,14.1267
1.4845,13.9128,9.3718
1.2249,13.9128,11.3579
1.0510,11.7095,11.1408
1.0349,12.0874,11.6799
1.1688,9.0910,7.7780
1.0300,9.4867,9.2099
1.4307,15.1830,10.6123
1.1975,15.1830,12.6794
1.1012,15.1830,13.7880
1.0658,15.1830,14.2451
1.0558,9.1675,8.6831
41.3864,546.8045,13.2122
1.0012,10.7022,10.6897
1.0005,9.6002,9.5954
1.0027,9.3195,9.2941
1.0360,19.7981,19.1106
1.1183,8.7858,7.8567
1.0420,10.4670,10.0455
2.0380,417.6073,204.9059
1.8076,417.6073,231.0290
1.3572,417.6073,307.6957
1.3431,417.6073,310.9257
1.4281,18.1565,12.7138
35.8545,513.6859,14.3269
1.4322,513.6859,358.6627
1.1424,513.6859,449.6532
3.7475,56.9711,15.2025
3.2715,56.9711,17.4143
1.0513,10.7437,10.2193
1.0360,10.7437,10.3706
1.1157,13.0497,11.6966
1.0704,13.0497,12.1918
1.0410,13.0497,12.5355
1.1847,13.9729,11.7946
1.0913,13.9729,12.8044
1.1327,10.8431,9.5727
1.1652,10.7882,9.2585
1.0530,10.5768,10.0442
1.0443,10.5768,10.1282
1.0036,10.5768,10.5389
1.0934,12.1470,11.1097
1.0354,12.1470,11.7321
1.0207,12.8880,12.6267
1.0149,12.8880,12.6985
1.0683,10.1383,9.4900
1.1167,10.6839,9.5673
1.0245,10.6839,10.4286
1.0129,10.6839,10.5475
1.1126,9.7500,8.7635
1.0855,12.3516,11.3784
1.0822,12.3516,11.4139
1.0604,12.3516,11.6485
1.0067,12.3516,12.2697
1.1385,10.7789,9.4676
1.4271,26.8180,18.7922
1.1208,11.1089,9.9114
1.1468,11.3708,9.9152
1.1395,11.3708,9.9786
1.2476,11.6288,9.3209
1.1771,11.6401,9.8891
1.4576,14.4049,9.8824
1.4465,14.4049,9.9583
1.1987,15.6317,13.0407
1.1832,15.6317,13.2114
1.1673,15.6317,13.3911
1.0618,15.6317,14.7218
1.0488,15.6317,14.9039
1.5791,17.7527,11.2426
1.4108,17.7527,12.5831
1.3247,16.0376,12.1068
1.3162,16.0376,12.1850
1.2314,16.0376,13.0242
1.2668,12.7803,10.0884
1.1482,12.7803,11.1312
1.1086,12.7803,11.5279
1.0977,12.7803,11.6429
1.0255,12.7803,12.4623
1.2734,12.3135,9.6699
1.3460,15.2659,11.3417
1.3412,15.2659,11.3826
1.2140,13.0276,10.7316
1.2577,13.0276,10.3580
1.1546,10.7793,9.3361
1.1601,11.6677,10.0579
1.1014,11.6677,10.5938
1.1461,15.0925,13.1691
1.0146,15.0925,14.8754
1.0675,15.0925,14.1384
1.2422,11.9029,9.5821
1.0598,19.1116,18.0328
1.1942,12.2442,10.2528
2.7614,28.3173,10.2546
1.0300,11.3175,10.9877
1.1883,14.9425,12.5742
1.1851,14.9425,12.6090
1.1580,14.9425,12.9036
1.1906,15.0784,12.6649
1.4607,14.7396,10.0907
1.1744,14.4899,12.3381
1.1662,14.4899,12.4251
1.1553,14.4899,12.5420
1.7895,82.6961,46.2129
4.3425,82.6961,19.0433
4.1396,82.6961,19.9770
5.4869,82.6961,15.0717
5.2219,82.6961,15.8365
1.1340,82.6961,72.9229
1.1213,82.6961,73.7482
1.0151,11.2027,11.0361
1.0335,9.9016,9.5805
1.2366,11.3487,9.1774
4.2930,53.1325,12.3765
1.1552,12.1246,10.4953
1.1731,11.1878,9.5372
1.2945,15.2048,11.7452
1.1966,15.2048,12.7066
1.0976,15.2048,13.8532
1.2015,15.2048,12.6544
1.1830,15.2048,12.8527
1.1317,11.4565,10.1230
1.1181,11.4565,10.2460
1.0682,9.8002,9.1745
1.0291,13.8251,13.4347
1.0818,11.1633,10.3192
1.0179,11.1633,10.9670
27.1953,411.7344,15.1399
25.9364,411.7344,15.8748
22.4936,411.7344,18.3045
20.2266,411.7344,20.3561
1.2390,13.6971,11.0548
1.2153,14.5643,11.9839
1.1913,12.5343,10.5215
1.0945,12.5343,11.4526
1.2053,31.7885,26.3744
1.1550,31.7885,27.5218
1.0673,31.7885,29.7849
1.4387,64.7142,44.9813
2.9331,64.7142,22.0636
1.1328,11.3967,10.0606
1.1574,11.3967,9.8469
1.1162,11.3967,10.2105
1.0919,11.3967,10.4379
7.2217,156.5374,21.6760
1.3282,16.6446,12.5320
1.2651,16.6446,13.1564
1.2277,16.6446,13.5576
1.1814,12.2146,10.3388
1.1334,12.2146,10.7771
1.1485,17.4467,15.1910
1.2358,11.5131,9.3162
1.2116,11.5131,9.5025
1.1858,11.5131,9.7095
1.0513,12.1382,11.5463
1.0034,12.1382,12.0965
1.1303,10.3047,9.1169
1.0711,10.3047,9.6209
1.0325,10.3212,9.9959
1.0428,14.0784,13.5003
1.2793,12.9092,10.0907
1.2662,12.9092,10.1953
1.0151,12.4496,12.2650
1.0823,11.0543,10.2138
1.0798,11.0543,10.2370
1.0425,11.0543,10.6035
1.2542,11.0987,8.8491
1.1416,11.0987,9.7220
1.0916,11.1124,10.1795
1.0429,11.1124,10.6550
1.0299,11.1124,10.7902
1.1561,15.3503,13.2780
1.1375,15.3503,13.4949
1.0709,15.3503,14.3341
1.0603,15.3503,14.4778
1.1893,11.8220,9.9403
1.4502,14.0692,9.7018
1.0791,11.1267,10.3110
1.0657,11.1267,10.4410
1.3504,15.5259,11.4975
1.1343,15.5259,13.6874
1.0421,15.5259,14.8987
1.8781,32.2915,17.1936
1.0869,9.9650,9.1680
1.0353,10.4279,10.0727
1.0177,10.4279,10.2470
1.0582,15.0924,14.2626
1.0160,15.0924,14.8545
1.1646,17.1480,14.7240
1.1255,11.6835,10.3809
1.0037,10.3130,10.2748
1.0984,10.7689,9.8040
1.0623,10.7689,10.1377
4.5980,47.5193,10.3348
4.2742,47.5193,11.1178
4.0700,47.5193,11.6756
2.2328,47.5193,21.2825
1.0873,10.1459,9.3311
1.0787,10.1459,9.4060
1.2101,10.7214,8.8600
1.0394,9.9492,9.5722
1.0834,11.1221,10.2658
1.0600,11.1221,10.4930
1.0322,11.1221,10.7756
1.2033,10.7072,8.8983
1.2268,11.7385,9.5686
1.2126,11.7385,9.6805
1.0762,11.7385,10.9076
1.2617,11.0791,8.7812
1.0693,10.2663,9.6006
1.1424,11.1823,9.7883
1.0951,11.2564,10.2790
1.0714,11.2564,10.5065
1.0375,10.7283,10.3408
1.5530,14.3596,9.2463
1.0567,10.4868,9.9239
1.0390,11.2863,10.8626
1.0641,11.6165,10.9166
1.0409,10.6856,10.2657
1.2112,10.4092,8.5942
1.1069,10.1945,9.2101
1.0176,10.5958,10.4130
1.0014,10.5958,10.5809
1.1266,10.5958,9.4050
1.0484,10.5958,10.1063
1.0860,11.4741,10.5660
1.0343,11.4741,11.0941
1.0708,10.3595,9.6750
1.1014,10.7603,9.7695
1.1378,13.5986,11.9514
1.1080,13.5986,12.2727
1.2863,30.3031,23.5587
1.0021,30.3031,30.2383
1.5236,30.3031,19.8888
1.2523,30.3031,24.1981
1.0676,14.3849,13.4744
1.0301,10.6453,10.3339
1.0259,10.6453,10.3761
1.1706,10.7954,9.2219
1.0779,12.7448,11.8235
1.0910,12.7448,11.6813
1.0652,12.7448,11.9643
1.0265,39.8217,38.7954
1.1951,11.7397,9.8229
1.0448,13.5982,13.0150
1.0585,10.0823,9.5255
1.1410,15.4903,13.5758
1.0444,15.4903,14.8315
1.0115,15.4903,15.3147
1.0173,11.1662,10.9768
1.0188,11.4078,11.1972
1.1639,29.4678,25.3177
1.1431,10.6207,9.2910
1.0828,11.9404,11.0279
1.0577,13.5894,12.8477
1.0567,13.5894,12.8601
1.0935,11.8895,10.8728
1.2434,13.0429,10.4901
1.1256,12.1837,10.8238
1.0971,10.6193,9.6790
1.0165,11.4669,11.2813
1.0117,11.4669,11.3340
1.2308,37.6815,30.6156
1.0663,15.0321,14.0972
1.1305,15.6799,13.8701
1.0898,15.6799,14.3874
1.0860,15.6799,14.4385
1.1096,12.1887,10.9845
1.0305,10.0910,9.7919
1.2747,16.5057,12.9483
1.2380,16.5057,13.3329
1.2290,16.5057,13.4299
1.1508,16.5057,14.3426
1.1285,16.5057,14.6258
1.2104,16.5057,13.6371
1.0004,16.5057,16.4993
1.2379,16.5057,13.3338
1.2226,16.5057,13.5008
1.2079,16.5057,13.6645
1.0788,16.5057,15.2997
1.0393,16.5057,15.8809
1.2332,16.5057,13.3843
1.1105,12.5635,11.3135
1.1027,12.5635,11.3930
1.1584,12.7495,11.0064
1.1150,10.4466,9.3693
1.3336,13.7654,10.3222
1.2854,13.7654,10.7087
1.1222,13.7654,12.2666
1.0762,12.0521,11.1991
1.0603,13.8685,13.0804
1.1456,10.9553,9.5626
6.3066,251.4262,39.8674
5.5445,251.4262,45.3472
1.1464,16.9032,14.7446
1.0555,16.9032,16.0145
1.0536,16.9032,16.0439
1.0511,16.9032,16.0821
1.2109,12.2533,10.1191
1.3090,12.2533,9.3605
1.0477,15.3346,14.6369
1.0435,15.3346,14.6959
1.0062,15.3346,15.2408
1.1897,15.3346,12.8899
1.1305,15.3346,13.5648
1.1226,11.9472,10.6422
1.1087,11.9472,10.7759
1.2414,22.5638,18.1764
1.1772,22.5638,19.1676
1.0752,22.5638,20.9856
2.2011,27.9772,12.7108
1.2227,16.6522,13.6187
1.1847,16.6522,14.0555
1.1477,16.6522,14.5090
1.1265,16.6522,14.7817
1.0089,10.9987,10.9016
1.1920,19.3925,16.2691
1.1643,19.3925,16.6563
1.1079,19.3925,17.5041
1.0430,11.9851,11.4909
1.0153,11.9851,11.8048
1.1646,11.7386,10.0791
1.3085,18.0671,13.8073
1.2278,18.0671,14.7145
1.1521,18.0671,15.6814
1.0582,18.0671,17.0729
1.2510,18.0671,14.4416
1.1184,12.6815,11.3388
1.0685,14.3452,13.4259
1.0642,14.3452,13.4804
1.0276,10.0888,9.8178
1.1021,13.7093,12.4391
1.1487,11.4318,9.9516
1.1105,11.9567,10.7673
1.0818,11.9567,11.0525
1.0764,11.9567,11.1078
1.0578,11.2899,10.6728
1.0384,11.2899,10.8726
1.0653,10.3225,9.6900
2.6609,325.3660,122.2786
7.8922,108.3054,13.7232
2.7448,108.3054,39.4588
1.9242,108.3054,56.2849
1.9096,108.3054,56.7160
1.1392,11.8453,10.3982
4.5019,108.4324,24.0859
3.7361,108.4324,29.0229
1.0108,15.0054,14.8448
1.6031,36.8074,22.9596
9.0041,211.7496,23.5171
8.6381,211.7496,24.5133
8.2384,211.7496,25.7026
4.8471,144.8613,29.8859
4.5169,144.8613,32.0710
4.0769,144.8613,35.5319
3.9028,144.8613,37.1174
1.1307,14.5798,12.8943
1.0919,14.5798,13.3527
1.0567,14.5798,13.7978
1.1363,13.3924,11.7860
1.1073,13.3924,12.0951
1.3327,14.3296,10.7524
1.2209,14.6708,12.0159
1.0812,14.6708,13.5684
1.2385,14.6708,11.8460
1.1540,12.8573,11.1417
1.0418,12.8573,12.3409
1.0238,12.8573,12.5584
1.2260,14.7921,12.0657
1.1427,14.7921,12.9445
1.1098,11.7441,10.5826
1.0641,11.7441,11.0368
1.0392,11.0886,10.6699
1.0147,11.0886,10.9279
1.0371,10.5148,10.1390
1.0335,11.7210,11.3410
1.0313,9.9949,9.6916
1.0268,14.6965,14.3132
1.1044,12.2468,11.0892
1.1309,13.6916,12.1065
1.0121,12.4173,12.2684
1.0984,12.4173,11.3051
1.1432,12.0066,10.5026
1.1244,12.0066,10.6785
1.1883,12.9255,10.8775
1.0897,12.6059,11.5686
1.2586,14.3987,11.4402
1.2229,14.3987,11.7739
3.0596,37.0877,12.1219
2.9430,37.0877,12.6022
1.0324,14.7654,14.3013
1.0117,14.7654,14.5943
1.0079,12.8934,12.7927
1.0957,11.5008,10.4964
1.0280,11.0817,10.7800
1.2556,21.2578,16.9297
1.3121,21.2578,16.2010
1.1419,21.2578,18.6158
1.3053,12.3780,9.4827
1.1338,12.2719,10.8240
1.2691,24.5126,19.3150
1.1667,11.3960,9.7676
1.1057,11.8111,10.6817
1.1482,11.8111,10.2863
1.0771,13.2598,12.3108
1.0404,13.2598,12.7448
1.0585,11.3662,10.7384
1.0139,11.8471,11.6848
2.8885,118.5874,41.0551
1.0547,20.1791,19.1317
1.1209,11.9879,10.6952
1.1478,14.3350,12.4887
1.0842,14.3350,13.2220
1.0774,14.3350,13.3048
1.0565,14.6385,13.8561
1.1900,14.6385,12.3015
7.1027,148.0093,20.8384
3.0827,148.0093,48.0131
1.1331,22.6058,19.9495
1.0379,10.5551,10.1699
1.0875,12.0907,11.1175
1.2215,17.5859,14.3972
1.0572,17.5859,16.6346
1.0195,17.5859,17.2489
1.0868,17.5859,16.1815
1.1158,17.5859,15.7604
1.1366,17.5859,15.4720
1.0436,16.3690,15.6846
1.1786,16.6415,14.1198
1.5843,16.6415,10.5038
1.0311,11.9143,11.5553
1.1278,22.1835,19.6691
1.0121,9.7720,9.6553
1.0779,11.2479,10.4350
1.0889,12.1145,11.1254
1.0908,10.8132,9.9132
1.6514,45.9002,27.7940
1.3045,45.9002,35.1858
1.1419,45.9002,40.1980
1.1205,45.9002,40.9642
1.0692,12.3738,11.5733
1.0350,12.3738,11.9549
1.0521,10.6865,10.1570
1.0101,16.2457,16.0826
1.0929,10.5775,9.6788
1.7411,19.4912,11.1946
1.7244,19.4912,11.3033
1.0557,12.7252,12.0534
1.1288,13.9506,12.3584
1.1225,13.9506,12.4278
1.1452,13.7426,11.9999
1.2554,12.6989,10.1156
1.1173,34.5066,30.8851
1.0021,10.4112,10.3890
1.3270,15.5721,11.7347
1.4257,15.5721,10.9228
1.0359,13.1422,12.6868
1.0132,13.1422,12.9712
1.0111,13.1422,12.9981
3.6156,86.1330,23.8225
3.3854,86.1330,25.4424
3.4163,86.1330,25.2121
3.4041,86.1330,25.3028
3.3338,86.1330,25.8363
2.9746,86.1330,28.9558
1.0622,11.2032,10.5467
12.6347,155.6298,12.3176
11.6400,155.6298,13.3703
3.5616,95.9368,26.9366
2.5016,95.9368,38.3495
1.1676,21.2181,18.1718
1.6134,39.2552,24.3309
2.5527,38.6342,15.1346
1.4193,22.4673,15.8295
1.3176,22.4673,17.0516
1.2557,22.4673,17.8920
1.1954,22.4673,18.7947
1.0129,9.7811,9.6567
1.0211,10.7832,10.5600
1.0533,15.8693,15.0657
1.0262,15.8693,15.4637
1.8191,46.0487,25.3140
1.1885,46.0487,38.7465
1.0336,10.6859,10.3381
4.3881,54.5298,12.4268
3.9838,54.5298,13.6879
1.1375,11.5297,10.1356
1.1514,14.0306,12.1857
1.0612,11.8302,11.1482
1.0772,15.1890,14.1003
1.0599,15.1890,14.3312
1.1238,13.2856,11.8225
1.0803,13.2856,12.2983
1.0018,11.5838,11.5633
1.2230,17.5279,14.3314
1.1244,17.5279,15.5879
1.0945,17.5279,16.0142
1.0735,17.5279,16.3277
1.1371,13.6114,11.9698
1.0915,12.7576,11.6885
1.0725,12.7576,11.8951
1.0928,11.5941,10.6095
1.3192,14.4130,10.9257
1.1753,11.8705,10.1002
1.1177,20.9792,18.7697
1.0958,20.9792,19.1457
1.2818,14.2779,11.1390
1.0203,12.4055,12.1584
1.0118,12.4055,12.2602
1.0881,14.5062,13.3320
1.0050,14.5062,14.4338
1.6585,25.6378,15.4580
1.0563,12.2528,11.6003
1.0991,12.2528,11.1484
4.9092,159.4017,32.4698
1.0454,13.4198,12.8374
1.0048,12.8759,12.8140
1.3265,25.4307,19.1715
1.0245,17.7226,17.2994
1.2685,174.2824,137.3909
1.1797,13.9849,11.8543
1.1612,13.9849,12.0433
7.1288,235.5067,33.0359
6.5838,235.5067,35.7704
5.3367,235.5067,44.1294
1.1117,15.8116,14.2227
1.0029,15.8116,15.7658
1.2842,15.8116,12.3125
1.2036,15.8116,13.1374
1.1392,15.0587,13.2184
1.1379,15.0587,13.2339
1.2199,12.3225,10.1015
1.2993,23.9460,18.4304
1.1549,23.9460,20.7335
1.1053,13.8695,12.5487
1.1146,14.4754,12.9872
1.0369,14.4754,13.9602
1.1602,12.4967,10.7713
1.1253,11.2153,9.9664
1.1185,12.3628,11.0532
1.0241,12.0226,11.7394
1.0775,12.8637,11.9382
1.0214,12.8637,12.5947
1.0065,13.0283,12.9441
1.2487,16.4632,13.1847
1.4913,16.4632,11.0398
1.2958,16.4632,12.7050
16.9823,236.8421,13.9464
16.6523,236.8421,14.2228
1.2330,11.5825,9.3937
1.1043,15.4320,13.9744
1.0925,12.6990,11.6236
1.1799,14.4984,12.2877
1.1512,14.4984,12.5940
1.2236,17.0416,13.9272
1.3087,17.0416,13.0215
1.3048,14.2883,10.9508
1.0493,14.2438,13.5750
1.1777,11.9071,10.1106
1.2656,15.0721,11.9093
1.1536,15.0721,13.0657
1.2740,12.1333,9.5241
1.1257,13.6847,12.1571
1.1100,13.6847,12.3284
1.0540,13.6847,12.9840
1.0454,13.6847,13.0900
1.3180,14.0152,10.6335
1.1805,14.0152,11.8725
1.1513,13.7838,11.9719
1.1366,13.7838,12.1267
1.0589,13.7838,13.0172
2.4793,217.2132,87.6097
1.1170,14.0521,12.5797
1.0627,14.0521,13.2226
1.0423,14.0521,13.4824
1.1285,13.7578,12.1917
1.0926,13.7578,12.5920
1.2778,13.2579,10.3756
1.0121,13.3572,13.1978
1.0922,13.1126,12.0062
1.0986,13.1045,11.9278
1.1213,11.0664,9.8696
1.0702,11.0664,10.3407
1.3189,15.8672,12.0310
3.2002,47.2267,14.7575
2.8031,47.2267,16.8479
1.9000,47.2267,24.8567
1.6392,47.2267,28.8107
1.3169,17.3483,13.1735
1.2435,17.3483,13.9509
1.2326,17.3483,14.0749
1.4606,17.3483,11.8779
1.2277,17.3483,14.1307
1.6745,28.0146,16.7302
1.0687,28.0146,26.2136
1.1000,12.8582,11.6890
1.4627,21.8668,14.9498
1.4141,21.8668,15.4629
1.1659,21.8668,18.7556
1.1540,14.5314,12.5924
1.2730,12.6852,9.9645
5.5929,92.5319,16.5445
5.5222,92.5319,16.7565
1.0494,11.2723,10.7415
1.0056,13.9586,13.8814
1.0476,14.9240,14.2461
1.1037,13.1239,11.8908
1.0444,13.1239,12.5661
1.3583,17.0613,12.5606
1.2926,13.9630,10.8021
1.2766,13.9630,10.9377
1.6283,162.3026,99.6780
1.1345,162.3026,143.0589
1.0634,162.3026,152.6213
1.0523,162.3026,154.2402
1.1398,12.6239,11.0751
1.0939,12.6239,11.5401
1.0706,12.6239,11.7913
1.1235,11.8216,10.5221
1.0486,11.8216,11.2734
1.1620,14.3620,12.3594
1.2528,13.5746,10.8355
1.3205,16.6577,12.6143
1.1366,15.1728,13.3493
1.0235,15.1728,14.8244
1.0218,15.1728,14.8496
3.0001,78.7705,26.2556
2.9182,78.7705,26.9932
1.3371,78.7705,58.9099
1.2796,78.7705,61.5604
1.5813,17.6610,11.1685
1.3101,15.0341,11.4756
1.2981,15.0341,11.5813
1.2874,13.9688,10.8504
1.1867,18.4852,15.5765
1.2283,15.4341,12.5654
19.2114,356.1955,18.5408
18.2002,356.1955,19.5710
16.2504,356.1955,21.9192
1.2926,14.6378,11.3241
1.9237,168.9717,87.8388
1.2139,13.9950,11.5292
1.6679,24.4842,14.6793
1.5686,24.4842,15.6085
1.4861,24.4842,16.4756
1.1451,54.7889,47.8465
8.5891,249.8983,29.0950
8.5039,249.8983,29.3865
7.8830,249.8983,31.7010
4.2085,62.0992,14.7555
2.8322,62.0992,21.9259
1.3012,62.0992,47.7256
1.1196,62.0992,55.4674
1.0585,62.0992,58.6681
3.4503,65.8760,19.0931
2.9687,65.8760,22.1900
1.2662,65.8760,52.0248
1.2172,65.8760,54.1216
1.1105,14.1062,12.7029
1.1554,14.1062,12.2087
1.1103,14.1062,12.7053
1.0273,14.1062,13.7318
1.1833,13.3218,11.2583
1.1711,13.3218,11.3756
1.0499,12.9973,12.3798
1.4186,23.8730,16.8285
1.3295,23.8730,17.9561
1.0819,16.3015,15.0675
1.0798,16.3015,15.0961
1.2653,15.7459,12.4445
1.2015,15.7459,13.1048
1.1684,15.7459,13.4769
1.0975,15.7459,14.3468
1.7617,24.5670,13.9450
1.3649,24.5670,17.9987
1.1190,27.6101,24.6744
1.2673,11.6791,9.2157
23.7368,365.1632,15.3839
20.0444,365.1632,18.2177
18.8962,365.1632,19.3247
1.3589,13.0888,9.6320
1.3580,13.0888,9.6385
1.2251,13.0470,10.6494
1.1726,13.0470,11.1262
1.1533,15.1853,13.1667
1.1828,13.0217,11.0094
1.1590,13.0217,11.2352
1.1610,13.0217,11.2157
1.2276,12.1239,9.8760
1.2666,12.9410,10.2168
1.0766,13.3503,12.3998
1.3860,18.3185,13.2172
1.1241,12.1839,10.8391
1.5746,20.5089,13.0250
1.4952,20.5089,13.7170
1.4104,20.5089,14.5407
21.4349,408.3270,19.0497
1.1564,13.6931,11.8415
1.0842,13.6931,12.6293
1.0839,13.1327,12.1159
1.3748,14.5695,10.5977
1.2720,12.7441,10.0188
1.2252,13.0817,10.6767
1.3048,12.8911,9.8798
1.2550,13.9720,11.1327
1.2227,13.9720,11.4271
1.2476,15.7849,12.6525
1.2420,15.7849,12.7091
1.1411,15.7849,13.8336
1.2138,12.7799,10.5286
1.1985,12.6572,10.5606
1.0964,12.6572,11.5440
1.3045,13.7073,10.5074
1.2643,13.4287,10.6217
7.1429,131.5409,18.4157
5.8259,131.5409,22.5788
4.7048,131.5409,27.9587
1.1618,10.9301,9.4082
1.0569,10.9301,10.3421
1.0612,11.4748,10.8131
1.0608,11.4748,10.8167
1.0518,13.3503,12.6922
1.0641,11.9532,11.2327
1.0638,11.9532,11.2358
1.2038,11.5101,9.5612
1.0393,11.9013,11.4508
1.1847,11.7331,9.9041
1.1961,11.7331,9.8097
1.5696,18.7540,11.9480
1.2286,11.9748,9.7467
1.1418,12.7160,11.1370
1.0657,12.7160,11.9321
1.0520,12.7160,12.0879
1.0482,12.7160,12.1313
1.5132,17.6437,11.6596
1.3932,14.2012,10.1929
1.0936,12.5296,11.4574
1.0130,12.5296,12.3687
1.0078,12.5296,12.4330
1.0010,13.0538,13.0407
1.1704,13.0831,11.1785
1.2171,13.0831,10.7497
1.1526,13.0831,11.3506
1.1576,13.0831,11.3015
1.2178,13.0831,10.7429
1.1891,13.0831,11.0026
1.2320,13.0831,10.6196
1.1683,13.0831,11.1981
1.1796,13.0831,11.0916
1.1971,12.5211,10.4599
1.1068,12.5211,11.3126
1.3585,176.3308,129.7998
1.3700,176.3308,128.7102
1.3661,176.3308,129.0789
1.3398,14.9392,11.1500
1.1299,14.9392,13.2211
1.3149,14.9392,11.3617
1.0463,12.2812,11.7378
1.3038,16.1649,12.3979
1.0815,27.1841,25.1349
1.0468,27.1841,25.9690
1.0378,27.1841,26.1930
1.1187,47.1994,42.1914
1.1043,47.1994,42.7410
1.0253,47.1994,46.0328
1.1771,23.2776,19.7759
1.0025,23.2776,23.2187
1.4192,23.2776,16.4020
1.0005,23.2776,23.2654
1.3507,23.2776,17.2333
1.2649,23.2776,18.4027
1.1447,23.2776,20.3360
1.2498,23.2776,18.6249
1.0984,23.2776,21.1918
1.0105,23.2776,23.0360
1.2679,23.2776,18.3586
1.0861,23.2776,21.4329
1.0850,23.2776,21.4549
1.0782,23.2776,21.5903
1.2500,23.2776,18.6224
1.0726,23.2776,21.7019
1.0612,23.2776,21.9361
1.3092,23.2776,17.7798
1.0974,23.2776,21.2125
1.0902,23.2776,21.3521
1.2545,23.2776,18.5556
1.0305,23.2776,22.5887
1.0281,23.2776,22.6407
1.1765,23.2776,19.7848
1.1511,23.2776,20.2229
1.0797,11.5259,10.6754
1.0693,21.0556,19.6911
1.0431,21.0556,20.1864
1.3134,20.6790,15.7446
1.2622,20.6790,16.3838
1.2518,20.6790,16.5194
1.1605,20.6790,17.8192
5.2382,102.9823,19.6599
2.8668,102.9823,35.9229
1.1594,102.9823,88.8250
1.8902,198.1637,104.8353
1.8090,198.1637,109.5445
1.7937,198.1637,110.4806
1.1980,15.8297,13.2130
1.1043,15.8297,14.3344
1.0982,15.8297,14.4146
1.0756,15.8297,14.7170
1.0600,24.1621,22.7954
1.0606,15.3877,14.5091
1.0070,15.3877,15.2802
1.0286,15.3877,14.9598
1.0167,15.3877,15.1348
1.3122,16.0403,12.2244
1.1446,16.0403,14.0140
1.1211,16.0403,14.3076
1.0078,10.3966,10.3165
2.0589,26.4089,12.8268
2.0128,26.4089,13.1204
1.9177,26.4089,13.7708
1.9062,26.4089,13.8545
1.3231,16.9375,12.8011
1.7950,37.2521,20.7528
1.7172,37.2521,21.6930
1.5522,37.2521,23.9997
1.4257,37.2521,26.1295
1.5725,37.2521,23.6896
1.6828,37.2521,22.1370
1.6751,37.2521,22.2392
1.4984,37.2521,24.8617
1.2169,37.2521,30.6129
1.0084,14.9386,14.8139
2.9665,67.8713,22.8790
1.8076,59.2339,32.7689
1.6461,59.2339,35.9834
2.9986,59.2339,19.7536
2.8206,59.2339,21.0004
2.7416,59.2339,21.6053
2.7409,59.2339,21.6112
2.6685,59.2339,22.1976
2.5018,59.2339,23.6761
1.9730,59.2339,30.0222
1.8509,59.2339,32.0026
1.7815,59.2339,33.2503
1.7594,59.2339,33.6665
1.6099,59.2339,36.7946
1.4798,59.2339,40.0274
1.3026,59.2339,45.4745
1.4349,59.2339,41.2812
1.3877,59.2339,42.6855
2.7625,59.2339,21.4419
2.7478,59.2339,21.5570
6.9483,288.5626,41.5299
1.7880,288.5626,161.3854
1.3711,288.5626,210.4539
1.0393,17.3774,16.7208
8.1705,140.5802,17.2059
5.5818,140.5802,25.1857
1.9366,26.0718,13.4624
1.3512,26.0718,19.2951
1.3312,45.5403,34.2101
1.3227,45.5403,34.4289
3.1315,45.5403,14.5427
3.0091,45.5403,15.1341
1.0519,11.6997,11.1222
1.0379,11.6997,11.2723
1.0003,10.8845,10.8809
2.4168,26.9129,11.1358
13.3473,361.1297,27.0564
1.4244,34.5845,24.2808
1.1812,54.5086,46.1481
1.8214,20.3614,11.1790
1.7790,20.3614,11.4453
1.0563,25.1677,23.8267
1.0307,25.1677,24.4185
1.0163,10.2542,10.0897
4.1973,51.4698,12.2625
1.2696,51.4698,40.5389
1.0524,51.4698,48.9071
1.0261,15.7450,15.3452
1.0152,14.3309,14.1158
1.0099,14.9215,14.7755
5.6094,464.3077,82.7726
5.0732,464.3077,91.5212
5.0317,464.3077,92.2766
6.9009,78.8880,11.4316
1.0120,10.8590,10.7307
10.8831,149.9722,13.7802
1.0128,10.2101,10.0815
1.0613,10.4605,9.8567
6.4325,104.5112,16.2475
1.9390,104.5112,53.8995
1.8999,104.5112,55.0082
1.4816,104.5112,70.5387
1.4699,424.3338,288.6905
2.5795,103.7139,40.2068
1.0825,16.4847,15.2287
1.0103,16.4847,16.3166
1.0385,27.5357,26.5142
1.0369,27.5357,26.5559
1.0228,14.3477,14.0275
1.0337,14.3477,13.8801
1.0535,11.9566,11.3490
1.0004,9.8911,9.8867
1.6208,42.4442,26.1871
1.1306,22.6541,20.0378
1.0890,22.6541,20.8033
1.3331,100.4225,75.3294
1.0845,11.4873,10.5919
1.2386,17.6865,14.2800
1.2151,17.6865,14.5551
1.0572,17.6865,16.7290
1.1323,17.6865,15.6197
1.1130,17.6865,15.8913
1.0927,17.6865,16.1857
1.0307,9.4296,9.1484
1.0136,10.2145,10.0779
1.4131,19.9390,14.1104
1.1851,19.9390,16.8250
1.0363,12.4126,11.9773
1.1348,19.5606,17.2365
1.1150,19.5606,17.5429
1.0094,19.5606,19.3788
3.8670,60.5128,15.6484
3.6255,60.5128,16.6910
3.7487,60.5128,16.1425
3.6951,60.5128,16.3766
2.9970,60.5128,20.1914
2.3242,60.5128,26.0363
1.1216,12.2069,10.8835
1.1243,12.2069,10.8575
1.0252,11.1962,10.9207
1.0034,11.0349,10.9976
1.4248,22.0744,15.4935
1.3874,22.0744,15.9101
1.2955,22.0744,17.0397
1.0431,22.0744,21.1616
1.1436,22.0744,19.3026
4.8757,101.5475,20.8275
4.6732,101.5475,21.7298
1.3041,101.5475,77.8667
1.1051,101.5475,91.8866
4.4745,101.5475,22.6948
3.8088,101.5475,26.6611
3.6051,101.5475,28.1679
6.5708,101.5475,15.4542
2.7524,101.5475,36.8948
2.5721,101.5475,39.4808
1.5824,20.8651,13.1859
1.1794,20.8651,17.6911
1.0457,20.8651,19.9529
1.4583,33.1612,22.7389
1.3860,33.1612,23.9261
1.2546,33.1612,26.4319
1.6305,20.1970,12.3870
1.5744,20.1970,12.8285
1.5132,20.1970,13.3474
1.6423,19.8466,12.0849
1.5348,19.8466,12.9314
1.3340,17.6366,13.2205
1.2461,17.6366,14.1530
1.2348,17.6366,14.2833
1.0658,15.5711,14.6097
2.9389,46.3627,15.7755
1.1434,16.1157,14.0948
1.0794,16.1157,14.9309
1.0142,16.1157,15.8899
1.0629,26.1688,24.6195
1.0463,26.1688,25.0115
1.8335,27.7310,15.1243
1.6079,27.7310,17.2463
1.2905,15.2935,11.8506
10.2502,234.1168,22.8403
9.0935,234.1168,25.7456
8.8067,234.1168,26.5841
6.6699,234.1168,35.1003
1.1427,23.1275,20.2398
1.0911,17.4479,15.9917
1.0820,13.9733,12.9148
5.0051,101.5475,20.2888
7.3223,74.9746,10.2392
6.9921,74.9746,10.7227
2.7809,122.4887,44.0472
1.6075,24.5089,15.2465
1.4571,22.3234,15.3207
1.1430,22.3234,19.5306
1.0791,13.4781,12.4904
1.0525,22.0445,20.9444
1.8406,21.9205,11.9096
1.8241,21.9205,12.0172
1.5468,21.9205,14.1710
2.0313,153.6018,75.6158
1.3940,33.8916,24.3125
1.0941,13.4419,12.2857
1.0724,13.4419,12.5343
1.0456,14.5506,13.9166
1.4020,15.0697,10.7491
1.3299,15.0697,11.3315
1.1882,15.0697,12.6832
1.0818,17.0015,15.7164
1.0219,17.0015,16.6364
1.1616,16.9009,14.5502
1.2368,16.9009,13.6645
1.2156,17.7990,14.6420
1.1098,17.7990,16.0376
1.0516,11.9773,11.3892
2.2036,93.6385,42.4939
2.1664,93.6385,43.2224
1.8837,93.6385,49.7107
1.6906,93.6385,55.3881
1.0372,93.6385,90.2771
1.0540,11.4822,10.8938
1.1008,13.1752,11.9691
1.1349,47.3882,41.7547
2.3101,35.4668,15.3532
1.9446,35.4668,18.2390
1.1382,27.8602,24.4779
1.3555,14.7750,10.9004
1.1187,11.8009,10.5484
1.0206,9.8366,9.6377
1.0746,13.8183,12.8586
1.0617,13.8183,13.0154
1.5353,14.2949,9.3107
1.3702,14.2949,10.4329
2.2696,520.0847,229.1506
2.1748,520.0847,239.1367
1.5384,520.0847,338.0581
12.5580,520.0847,41.4146
2.8425,520.0847,182.9678
2.7097,520.0847,191.9377
1.0366,20.9072,20.1687
1.7101,20.3768,11.9157
1.2335,20.3768,16.5193
1.1612,20.3768,17.5485
1.1584,20.3768,17.5907
1.2655,20.3768,16.1018
1.1512,20.3768,17.7002
5.5418,158.7831,28.6519
2.8075,158.7831,56.5566
1.1457,10.9551,9.5621
1.0275,11.1881,10.8885
1.0133,11.1881,11.0415
1.0069,9.8023,9.7347
2.7183,63.5857,23.3918
2.4760,63.5857,25.6811
1.2762,63.5857,49.8256
6.1242,83.8778,13.6960
5.8097,83.8778,14.4376
5.3039,83.8778,15.8142
5.1865,83.8778,16.1725
1.0344,12.8706,12.4429
1.0264,12.8706,12.5389
2.7143,44.1607,16.2696
2.6547,44.1607,16.6350
2.4271,44.1607,18.1951
1.4336,44.1607,30.8032
1.7071,22.0537,12.9186
1.0158,8.5880,8.4547
1.0294,12.6414,12.2806
1.6971,162.9577,96.0226
1.7491,23.5321,13.4536
1.4658,23.5321,16.0540
1.3381,23.5321,17.5864
1.2956,23.5321,18.1628
1.2044,23.5321,19.5390
1.4987,15.7035,10.4782
1.3548,15.7035,11.5907
1.2966,15.7035,12.1117
1.4375,24.8104,17.2598
1.3875,24.8104,17.8813
1.3148,24.8104,18.8696
1.1627,15.3830,13.2306
1.0319,15.3830,14.9075
1.0129,10.6158,10.4807
1.2808,12.8978,10.0704
1.1711,12.8978,11.0132
1.0074,11.1161,11.0347
1.3492,25.9686,19.2467
1.0586,25.9686,24.5319
1.0162,25.9686,25.5539
31.2848,478.3587,15.2904
30.5358,478.3587,15.6655
25.0443,478.3587,19.1005
1.0952,11.1295,10.1623
1.0171,19.9860,19.6503
1.1084,19.9860,18.0315
1.0019,19.9860,19.9489
1.1852,19.9860,16.8627
1.0848,19.9860,18.4231
1.0560,19.9860,18.9258
1.0791,11.4315,10.5937
1.0585,10.0171,9.4636
7.6296,106.2588,13.9271
6.9848,106.2588,15.2129
6.5357,106.2588,16.2582
5.7914,106.2588,18.3476
1.1083,10.2597,9.2569
1.0156,10.7864,10.6206
14.0469,190.4158,13.5557
12.6376,190.4158,15.0674
1.5289,19.4889,12.7468
1.4987,19.4889,13.0040
1.0392,10.2755,9.8877
1.0834,26.7085,24.6521
2.8087,54.4841,19.3986
1.0744,9.3541,8.7059
1.0566,9.9520,9.4185
1.0554,11.2676,10.6759
1.0022,19.9623,19.9190
1.1829,21.7536,18.3908
1.0296,12.3676,12.0123
1.0211,12.3676,12.1116
1.0117,11.1003,10.9719
1.0113,25.1571,24.8771
1.0686,25.1571,23.5414
32.1000,451.2058,14.0563
30.5762,451.2058,14.7567
30.2014,451.2058,14.9399
28.1981,451.2058,16.0013
1.0274,10.0032,9.7367
1.0972,13.3963,12.2100
1.0739,13.3963,12.4747
1.0148,9.9212,9.7764
1.4079,29.7013,21.0960
1.2824,29.7013,23.1616
1.1510,29.7013,25.8053
1.1401,29.7013,26.0515
1.2001,14.0928,11.7430
1.1261,14.0928,12.5148
1.0153,18.6749,18.3927
1.1643,35.0831,30.1314
1.0100,9.7371,9.6405
1.0168,9.7371,9.5765
1.1409,43.8103,38.3985
1.0161,9.7400,9.5853
1.0316,10.6284,10.3030
1.0297,10.6284,10.3216
1.0969,47.9613,43.7232
1.3808,96.5966,69.9588
1.0318,13.3323,12.9217
1.0241,13.3323,13.0187
1.0041,10.8357,10.7913
3.9245,107.7001,27.4432
1.2982,131.3889,101.2077
1.0200,131.3889,128.8176
1.6909,131.3889,77.7018
1.3445,131.3889,97.7256
2.6056,36.5129,14.0133
2.4313,36.5129,15.0180
20.3892,507.0340,24.8678
19.9727,507.0340,25.3864
1.1667,507.0340,434.5966
1.5167,37.2515,24.5615
1.0318,37.2515,36.1036
1.0499,10.5769,10.0737
1.4523,23.6243,16.2672
1.2303,18.7809,15.2653
1.0008,18.7809,18.7653
1.0194,16.4313,16.1186
1.0628,49.8162,46.8737
1.3159,49.8162,37.8584
1.2089,49.8162,41.2095
1.1292,49.8162,44.1178
2.7006,35.6963,13.2180
2.4305,35.6963,14.6867
1.0618,38.4396,36.2011
1.0149,38.4396,37.8769
1.0848,12.8017,11.8013
1.3860,19.2503,13.8892
1.2886,19.2503,14.9389
1.0499,14.5101,13.8210
1.0436,14.5101,13.9038
1.0276,12.3559,12.0239
1.0506,16.6562,15.8534
1.0191,14.9449,14.6644
1.0534,43.0841,40.9020
1.3986,42.2068,30.1770
1.1788,42.2068,35.8042
1.3358,25.3081,18.9462
1.5385,48.3399,31.4208
2.7394,51.8587,18.9310
2.5813,51.8587,20.0898
1.9880,51.8587,26.0859
2.7349,51.8587,18.9618
2.7257,51.8587,19.0261
1.7275,51.8587,30.0187
1.7951,35.2940,19.6608
1.1928,35.2940,29.5902
1.2221,16.1718,13.2331
1.1775,16.1718,13.7341
1.0186,10.6847,10.4896
1.0028,10.8760,10.8456
32.0287,440.8689,13.7648
28.7292,440.8689,15.3457
26.1370,440.8689,16.8676
1.0131,16.0296,15.8222
1.1169,17.6187,15.7749
1.0780,17.6187,16.3446
1.0353,17.6187,17.0182
1.6140,17.1980,10.6554
1.0991,14.8817,13.5405
1.0682,14.8817,13.9315
1.0360,14.8817,14.3642
1.7852,32.6306,18.2783
1.1420,55.2563,48.3874
2.3109,38.2739,16.5626
1.1607,250.9998,216.2546
1.0610,250.9998,236.5721
1.0332,250.9998,242.9446
11.4462,198.3360,17.3277
10.2089,198.3360,19.4277
9.9503,198.3360,19.9327
7.8254,198.3360,25.3453
9.2071,426.7691,46.3521
1.9346,23.3712,12.0803
5.1683,83.8733,16.2283
4.7003,83.8733,17.8441
4.4205,83.8733,18.9735
1.3485,83.8733,62.1953
1.1037,11.9853,10.8590
1.2168,14.4382,11.8659
1.2123,14.4382,11.9102
1.1052,14.4382,13.0640
1.0336,11.1403,10.7783
1.1461,12.9756,11.3214
1.3119,18.1380,13.8254
1.1724,236.2961,201.5545
1.1514,236.2961,205.2175
1.0560,236.2961,223.7649
1.9301,25.6069,13.2670
1.6780,25.6069,15.2601
1.0630,12.4743,11.7354
1.0029,12.5637,12.5279
2.9487,45.3805,15.3900
2.2484,45.3805,20.1839
2.2323,45.3805,20.3291
4.9361,242.8412,49.1973
2.3118,242.8412,105.0434
2.2102,242.8412,109.8707
3.2711,242.8412,74.2377
1.0047,12.5488,12.4896
1.0931,20.0071,18.3033
5.7096,96.5442,16.9091
5.3633,96.5442,18.0008
14.4480,264.4265,18.3019
1.0279,10.3344,10.0542
3.0323,82.0505,27.0588
1.0145,12.2214,12.0470
1.0153,111.7059,110.0189
1.0044,111.7059,111.2179
1.1982,11.2879,9.4207
1.0171,11.4527,11.2600
1.0357,10.2046,9.8529
7.7943,566.5946,72.6937
1.6649,21.1074,12.6780
1.0856,13.8544,12.7619
1.1124,11.8357,10.6401
1.0476,11.0374,10.5354
1.0377,11.0374,10.6365
1.0272,12.6065,12.2729
1.0712,13.4641,12.5694
1.0036,10.1417,10.1053
1.5079,18.7347,12.4244
1.3691,18.7347,13.6842
1.1070,18.7347,16.9234
1.0473,20.0642,19.1584
1.3290,20.0642,15.0974
1.0849,20.0642,18.4949
1.5182,20.0642,13.2161
1.0083,10.1874,10.1036
1.1559,64.3472,55.6666
4.6527,64.3472,13.8302
3.2606,64.3472,19.7346
8.7946,103.6060,11.7807
1.3688,35.4199,25.8766
1.8873,35.4199,18.7678
1.8624,35.4199,19.0188
1.8695,35.4199,18.9460
1.7042,35.4199,20.7834
3.7279,39.1354,10.4979
3.3065,39.1354,11.8359
1.0624,10.9561,10.3121
1.0359,10.9350,10.5559
1.0166,10.0127,9.8489
1.0241,13.9391,13.6107
1.0211,10.2199,10.0086
1.4385,17.5122,12.1741
1.4164,17.5122,12.3642
1.2577,17.5122,13.9237
1.1906,17.5122,14.7090
1.1793,17.5122,14.8494
1.1509,17.5122,15.2166
4.2354,84.4312,19.9345
3.5915,84.4312,23.5084
7.3018,96.7595,13.2514
4.7448,96.7595,20.3929
3.4890,96.7595,27.7331
5.4685,361.9568,66.1891
4.4217,361.9568,81.8590
3.6028,269.0971,74.6906
3.5266,269.0971,76.3056
1.8749,269.0971,143.5260
1.5052,269.0971,178.7820
1.0328,11.0821,10.7298
1.0189,10.9123,10.7102
2.6020,36.1781,13.9038
1.2418,30.4262,24.5019
1.1579,30.4262,26.2768
1.0195,30.4262,29.8434
1.2307,30.4262,24.7235
1.1116,30.4262,27.3712
1.0262,30.4262,29.6505
1.1004,30.4262,27.6489
1.0175,30.4262,29.9015
1.0205,30.4262,29.8147
1.0923,30.4262,27.8561
1.0446,30.4262,29.1262
1.1254,30.4262,27.0355
1.2265,30.4262,24.8066
1.1604,30.4262,26.2194
1.0072,11.6005,11.5176
1.0252,12.1971,11.8975
1.0397,12.1971,11.7313
3.9020,45.9720,11.7816
1.0100,10.4012,10.2980
1.0393,11.4793,11.0448
1.0277,10.6793,10.3917
1.0882,10.9779,10.0878
1.1916,12.5707,10.5494
1.1429,12.5707,10.9993
1.0464,23.7477,22.6951
1.3779,22.3941,16.2529
1.0527,13.3618,12.6925
1.0390,10.8014,10.3958
3.1618,55.7901,17.6451
3.1331,55.7901,17.8066
2.7746,55.7901,20.1072
3.9959,55.7901,13.9620
3.0493,55.7901,18.2963
1.0483,10.5542,10.0684
1.0252,12.1253,11.8273
1.1442,11.9066,10.4058
1.0329,11.9066,11.5269
1.0872,30.4549,28.0132
1.0819,30.4549,28.1507
1.0895,11.9160,10.9373
1.0905,11.9160,10.9270
1.0193,11.0909,10.8809
1.1254,16.0343,14.2471
1.0184,16.0343,15.7448
1.0094,16.0343,15.8853
1.3995,29.8794,21.3499
1.1666,17.1116,14.6681
1.1157,17.1116,15.3369
1.1121,17.1116,15.3864
1.0978,17.1116,15.5878
1.0727,17.1116,15.9517
1.0284,17.1116,16.6387
1.0090,24.6191,24.3998
1.0540,12.9996,12.3339
1.0010,12.9996,12.9862
1.6302,18.8530,11.5648
1.1142,11.2319,10.0806
1.2309,11.8461,9.6239
1.0528,10.4358,9.9128
1.0189,12.5189,12.2869
1.1871,24.5225,20.6572
1.0375,12.5856,12.1308
2.0272,41.7882,20.6141
1.0169,10.5942,10.4181
1.2104,12.2151,10.0917
1.1325,12.2151,10.7863
1.2212,13.4232,10.9921
1.0578,13.4232,12.6897
1.0470,13.4232,12.8212
1.0726,13.2836,12.3842
1.0443,13.2836,12.7204
23.5285,389.1434,16.5392
3.8449,389.1434,101.2097
1.0231,10.7880,10.5446
1.3250,30.3242,22.8857
1.0942,30.3242,27.7146
1.0631,10.7557,10.1175
1.0178,11.3511,11.1524
1.0045,14.0869,14.0231
1.1630,10.8342,9.3154
1.0621,10.4358,9.8253
1.0246,15.2761,14.9090
1.1110,13.6452,12.2824
1.0768,11.9181,11.0677
1.0010,11.9181,11.9065
1.0598,18.7802,17.7208
8.8798,349.2819,39.3344
3.7114,349.2819,94.1098
1.1958,11.7906,9.8602
1.0358,12.1278,11.7083
1.7615,21.3280,12.1077
1.7396,21.3280,12.2606
1.6758,21.3280,12.7267
1.1173,12.5930,11.2707
1.0938,12.5930,11.5129
1.0840,24.0944,22.2263
1.2976,24.0944,18.5680
1.2607,13.9625,11.0753
1.0106,14.3910,14.2393
1.7583,21.9873,12.5047
1.2661,21.9873,17.3656
1.1546,12.0048,10.3971
1.1022,12.0048,10.8918
1.1359,12.1055,10.6569
1.4254,20.5296,14.4024
1.4009,20.5296,14.6545
1.2926,20.5296,15.8822
1.2300,20.5296,16.6902
1.1334,13.9507,12.3087
1.0972,13.9507,12.7150
1.0495,13.9507,13.2932
1.1652,12.4365,10.6734
1.1181,12.4365,11.1231
1.1240,13.0273,11.5899
2.0083,37.9660,18.9043
1.9148,37.9660,19.8279
1.7560,37.9660,21.6212
1.2844,16.4517,12.8084
1.2999,16.4517,12.6561
1.0593,16.4517,15.5302
1.0403,16.4517,15.8147
1.2345,18.4635,14.9562
1.1633,18.4635,15.8717
1.0002,18.4635,18.4606
1.3336,12.4761,9.3554
3.0037,55.0270,18.3198
2.9491,55.0270,18.6591
2.8531,55.0270,19.2865
2.8243,55.0270,19.4833
1.3173,12.2656,9.3115
1.0507,13.5444,12.8914
1.0191,13.5444,13.2905
1.5305,17.6532,11.5340
1.2554,17.6532,14.0618
1.1325,17.6532,15.5873
1.2783,112.2966,87.8494
1.0950,112.2966,102.5535
1.0819,112.2966,103.7982
1.9613,50.6390,25.8191
1.0999,17.1765,15.6158
1.4867,17.1765,11.5536
1.5188,22.0638,14.5270
1.4382,22.0638,15.3410
1.4155,22.0638,15.5869
1.2919,22.0638,17.0785
1.1939,19.0217,15.9327
1.3131,19.0217,14.4858
1.3073,19.0217,14.5507
1.1579,19.0217,16.4275
1.1963,19.0217,15.9001
2.5273,43.8548,17.3521
2.4985,43.8548,17.5526
2.4827,43.8548,17.6639
1.2376,15.3377,12.3935
1.0855,10.8349,9.9816
1.1126,12.2702,11.0288
1.0567,12.2702,11.6114
1.2112,18.1771,15.0081
1.1701,18.1771,15.5344
1.0282,13.6320,13.2579
1.0094,11.7804,11.6703
1.1732,15.1311,12.8971
1.1058,15.1311,13.6837
2.2079,33.0785,14.9820
1.9837,33.0785,16.6753
1.9610,33.0785,16.8685
1.1365,12.8339,11.2928
1.1076,12.8339,11.5869
1.0891,12.8339,11.7837
1.0079,41.9585,41.6306
1.2358,41.9585,33.9517
1.0544,11.4843,10.8914
1.0322,11.4843,11.1260
1.0745,12.5613,11.6899
1.0590,12.5613,11.8620
1.0097,12.5613,12.4404
1.9647,36.0515,18.3496
1.3716,36.0515,26.2836
1.2573,36.0515,28.6743
1.3388,36.0515,26.9278
1.6759,36.0515,21.5115
1.3035,36.0515,27.6571
1.3129,17.2914,13.1707
1.2654,17.2914,13.6648
1.1754,17.2914,14.7107
1.3455,17.2914,12.8509
1.1822,17.2914,14.6265
1.3500,12.0314,8.9120
1.0943,14.9114,13.6261
1.0006,14.9114,14.9024
1.0550,13.5143,12.8096
1.0066,13.5143,13.4262
1.0008,13.5143,13.5036
1.0793,14.1946,13.1513
1.1860,11.2796,9.5103
1.1784,14.1326,11.9926
1.2648,12.7367,10.0705
1.0999,14.1477,12.8632
1.1054,12.3559,11.1779
1.0850,12.3559,11.3882
1.0648,12.3559,11.6037
1.1703,13.4027,11.4524
1.0936,13.4027,12.2554
1.2228,12.4287,10.1641
1.1704,12.1869,10.4123
1.1075,12.1869,11.0038
1.2715,14.8808,11.7035
1.3262,23.9223,18.0381
1.2805,23.9223,18.6816
1.1978,23.9223,19.9712
1.1346,23.9223,21.0837
1.4433,23.9223,16.5748
1.3965,23.9223,17.1307
1.4449,23.9223,16.5569
1.3810,23.9223,17.3225
1.1286,12.8494,11.3853
1.2450,17.5411,14.0892
1.0749,17.5411,16.3188
1.1650,12.9407,11.1081
1.0445,11.1907,10.7139
1.1636,11.1907,9.6174
1.1275,13.6065,12.0677
1.2132,11.2992,9.3135
1.5171,20.1874,13.3069
1.3766,20.1874,14.6648
1.0251,20.1874,19.6934
1.1626,10.8370,9.3217
1.2113,13.7336,11.3379
1.0212,13.7336,13.4483
1.1685,12.7054,10.8733
1.1475,12.7054,11.0726
1.1325,12.7054,11.2191
19.8804,342.1041,17.2081
12.7530,342.1041,26.8253
12.6160,342.1041,27.1168
1.0890,12.5305,11.5066
1.0134,11.1799,11.0319
25.3212,383.9498,15.1632
16.1684,383.9498,23.7469
14.8839,383.9498,25.7963
4.7878,383.9498,80.1931
1.0132,14.3626,14.1759
1.0086,14.3626,14.2398
1.4185,30.8311,21.7343
1.3688,30.8311,22.5244
1.3196,30.8311,23.3633
5.8708,97.7257,16.6460
5.0484,97.7257,19.3577
4.8865,97.7257,19.9992
4.0527,97.7257,24.1136
1.0826,14.9968,13.8528
1.0804,17.5450,16.2392
1.0461,11.2997,10.8022
1.4380,39.5091,27.4752
1.6406,39.5091,24.0819
1.4758,39.5091,26.7719
1.2021,12.6084,10.4882
1.2219,12.1931,9.9784
1.0384,11.3426,10.9231
6.8804,111.5715,16.2158
6.6858,111.5715,16.6879
6.2072,111.5715,17.9745
1.3587,24.1108,17.7455
1.3383,24.1108,18.0159
1.3055,87.7507,67.2138
1.0167,87.7507,86.3123
2.4637,30.2734,12.2876
1.0183,10.7539,10.5604
21.1059,306.2410,14.5097
1.0090,10.8945,10.7970
1.0029,11.9199,11.8855
1.1129,20.1150,18.0744
1.1252,20.1150,17.8770
1.3766,20.1150,14.6125
1.2242,20.1150,16.4313
1.0766,20.1150,18.6843
1.0521,20.1150,19.1195
1.2242,20.1150,16.4305
1.0738,20.1150,18.7327
1.1696,20.1150,17.1981
1.0219,20.1150,19.6844
1.0471,11.9740,11.4355
1.0468,12.2163,11.6699
8.4378,124.3938,14.7424
6.4206,124.3938,19.3741
1.0105,10.2069,10.1012
1.2025,13.2453,11.0146
1.0031,12.5357,12.4970
1.0119,12.5357,12.3885
1.0361,16.1468,15.5837
1.0046,16.1468,16.0735
1.0047,16.1468,16.0718
1.0629,17.2054,16.1879
1.0119,17.2054,17.0038
1.2023,16.3832,13.6267
1.0763,14.8209,13.7702
1.0145,14.8209,14.6088
1.0193,14.8209,14.5399
1.0092,14.8209,14.6853
1.0452,14.1946,13.5806
1.3053,15.3503,11.7604
1.2682,15.3503,12.1037
1.6030,32.9148,20.5335
1.4286,32.9148,23.0399
1.4209,32.9148,23.1648
1.0562,28.9491,27.4099
1.7167,26.3495,15.3491
1.0222,11.4295,11.1817
1.0531,15.0513,14.2920
4.3107,159.5689,37.0171
1.1865,159.5689,134.4824
1.0621,14.6811,13.8226
1.0197,14.6811,14.3972
1.1174,14.6811,13.1387
1.0659,14.6811,13.7739
1.0024,14.6811,14.6459
1.0570,12.9434,12.2453
1.0321,12.9434,12.5412
1.5227,432.6910,284.1593
1.2260,432.6910,352.9180
1.0048,432.6910,430.6420
1.5202,20.6328,13.5729
1.3202,20.6328,15.6285
1.9420,27.3558,14.0864
1.6160,27.3558,16.9276
1.5459,27.3558,17.6955
1.2751,27.3558,21.4547
1.2173,27.3558,22.4725
1.0092,27.3558,27.1055
1.3219,27.3558,20.6949
1.2711,27.3558,21.5212
1.1761,27.3558,23.2591
1.0046,18.2913,18.2083
1.1767,15.0013,12.7487
1.0573,15.0013,14.1882
1.1224,11.8031,10.5156
1.0459,11.8031,11.2855
1.0667,11.8415,11.1014
2.1129,28.6060,13.5390
1.6796,28.6060,17.0317
1.2837,19.7604,15.3935
1.1912,12.2662,10.2976
1.7255,40.9611,23.7382
1.6008,40.9611,25.5881
1.2908,40.9611,31.7325
1.2362,40.9611,33.1340
1.1818,12.3013,10.4086
1.0420,11.9595,11.4769
1.2924,11.8763,9.1896
1.1101,12.0660,10.8696
1.6153,28.4836,17.6340
1.5196,28.4836,18.7438
1.0360,13.1067,12.6519
1.1006,10.7135,9.7339
13.5075,338.3405,25.0483
13.3321,338.3405,25.3779
1.5224,338.3405,222.2392
1.5401,106.1076,68.8984
3.8166,81.3600,21.3172
1.0889,12.8944,11.8420
1.1729,19.9703,17.0271
1.2786,37.4740,29.3087
1.0423,37.4740,35.9539
1.0203,12.1101,11.8697
1.1227,11.1164,9.9014
1.2066,11.8869,9.8512
1.2180,11.9672,9.8251
1.0422,15.8942,15.2510
1.2080,16.5181,13.6739
1.0386,16.5181,15.9048
1.1608,12.2756,10.5747
2.3485,59.8825,25.4979
1.7122,59.8825,34.9739
1.1908,16.5466,13.8951
1.3874,21.5503,15.5326
1.0180,11.6699,11.4635
1.1175,14.0828,12.6017
1.0333,14.0828,13.6285
1.0361,12.7365,12.2925
1.3462,13.5619,10.0742
1.2481,14.5927,11.6919
1.6948,26.3021,15.5193
1.6926,26.3021,15.5397
1.3450,26.3021,19.5557
1.0294,12.3634,12.0109
1.2182,18.2715,14.9990
1.0039,17.6997,17.6313
1.0521,17.6997,16.8230
1.1084,16.1402,14.5615
1.0339,12.1252,11.7282
1.6041,20.3203,12.6674
1.2115,13.8693,11.4478
2.0665,26.2047,12.6806
1.8942,26.2047,13.8340
1.2726,19.4652,15.2960
1.2713,19.4652,15.3116
1.1163,19.4652,17.4378
1.9334,25.2297,13.0491
1.7714,25.2297,14.2425
3.4847,97.1746,27.8858
3.1979,97.1746,30.3867
2.7676,97.1746,35.1116
1.3947,15.3206,10.9847
1.2164,12.6685,10.4147
1.3491,11.7368,8.6997
1.0984,12.0343,10.9561
1.1017,12.7021,11.5296
1.0587,13.1316,12.4037
1.4909,14.0200,9.4039
1.2175,17.3155,14.2220
1.1259,17.3155,15.3793
1.1349,11.9341,10.5159
1.5366,22.3700,14.5581
1.4793,22.3700,15.1221
1.0612,14.4286,13.5969
1.1213,18.7002,16.6770
1.1097,18.7002,16.8511
1.0009,18.7002,18.6842
1.2906,14.5572,11.2797
1.0962,14.5572,13.2796
1.1307,18.1690,16.0694
1.0224,18.1690,17.7702
1.0417,14.2378,13.6674
1.0135,14.2378,14.0478
1.1567,14.3621,12.4168
1.0969,12.8005,11.6698
1.1526,14.1022,12.2353
1.1094,14.1022,12.7120
1.3456,18.3030,13.6026
1.3392,18.3030,13.6669
1.0770,18.3030,16.9944
1.4614,18.6185,12.7400
1.2984,18.6185,14.3398
1.2848,18.6185,14.4910
1.2981,18.2804,14.0825
1.2326,17.4162,14.1291
1.3592,13.4510,9.8964
1.0827,13.6375,12.5953
1.4688,20.7052,14.0966
1.1151,20.7052,18.5683
1.0416,20.7052,19.8790
1.2306,25.6637,20.8554
1.2291,21.6454,17.6102
1.0324,21.6454,20.9659
9.7410,125.1087,12.8435
1.0326,11.9240,11.5479
1.1357,18.2704,16.0872
1.1546,18.2704,15.8234
1.1479,13.0120,11.3359
1.1809,12.4334,10.5288
1.0805,13.5340,12.5254
2.0792,50.1467,24.1177
1.7571,50.1467,28.5394
1.7172,50.1467,29.2031
1.2813,17.6027,13.7386
1.1092,17.6027,15.8703
4.8099,94.1462,19.5736
4.2601,94.1462,22.0997
1.0983,11.2628,10.2545
2.4622,41.4900,16.8505
2.2952,41.4900,18.0771
1.0772,12.4961,11.6011
1.1330,12.5859,11.1083
1.0135,10.0258,9.8921
5.3587,91.7658,17.1247
5.2444,91.7658,17.4978
4.9566,91.7658,18.5138
4.4706,91.7658,20.5265
1.0190,10.8226,10.6208
1.0459,16.4527,15.7300
1.1553,16.4527,14.2414
1.0243,12.9032,12.5968
1.0117,12.9032,12.7538
1.0095,12.9032,12.7815
33.9248,589.6602,17.3814
1.1235,12.6247,11.2373
1.0522,12.6247,11.9986
1.0506,11.4958,10.9424
1.2129,17.1682,14.1545
1.0133,17.1682,16.9430
1.0876,16.7079,15.3621
1.0977,11.5745,10.5439
1.0547,11.5745,10.9746
1.0019,13.4943,13.4686
1.0233,10.9947,10.7441
1.0488,12.1910,11.6236
1.0065,11.2486,11.1758
1.1198,12.5430,11.2009
1.0055,35.9833,35.7879
1.2024,35.9833,29.9254
1.6016,20.0325,12.5081
1.4986,20.0325,13.3675
1.3885,20.0325,14.4278
1.3561,11.7410,8.6579
1.3121,11.7410,8.9481
1.2590,11.7410,9.3253
1.7622,12.7159,7.2158
1.7930,12.1080,6.7528
1.7735,12.1080,6.8271
1.9937,11.5927,5.8147
1.8012,12.3857,6.8764
1.7673,12.3857,7.0082
1.8421,12.3857,6.7237
1.7378,12.3857,7.1272
1.3684,13.1075,9.5784
1.3197,13.1075,9.9324
1.2969,13.1075,10.1068
1.5496,13.2723,8.5649
2.8339,26.5500,9.3686
1.7527,26.5500,15.1484
1.6909,26.5500,15.7015
1.3681,12.1559,8.8851
1.3199,12.1559,9.2098
1.6730,13.7746,8.2333
1.3135,11.2294,8.5491
1.3060,11.2294,8.5982
1.5147,18.3470,12.1130
1.3397,18.3470,13.6948
1.9685,20.6350,10.4828
1.8941,20.6350,10.8944
1.5386,14.4664,9.4025
1.6950,16.5672,9.7743
1.8598,16.5672,8.9080
1.5775,13.0003,8.2411
1.4111,13.0003,9.2132
1.9517,13.1185,6.7216
1.8983,13.1185,6.9106
1.1122,250.0984,224.8696
1.0561,250.0984,236.8190
1.9645,12.5581,6.3925
1.8178,12.6036,6.9334
1.8068,12.3995,6.8627
2.0419,11.5629,5.6629
2.3305,24.7644,10.6262
2.0882,24.7644,11.8592
1.6041,24.7644,15.4380
1.5897,24.7644,15.5779
1.5805,24.7644,15.6691
1.6435,13.9693,8.4998
1.5494,13.9693,9.0160
9.8758,123.8023,12.5360
10.1419,123.8023,12.2071
8.3810,123.8023,14.7717
8.0361,123.8023,15.4057
1.9065,14.4367,7.5726
1.8768,14.4367,7.6920
1.7883,14.4367,8.0729
1.6270,11.7474,7.2202
1.5859,11.7474,7.4076
1.4306,11.7474,8.2118
1.7133,21.3947,12.4871
1.5058,12.7879,8.4924
1.4211,12.7879,8.9988
1.4411,14.1587,9.8251
1.4293,14.1587,9.9059
1.3962,14.1587,10.1410
1.3725,14.1587,10.3164
1.3499,14.1587,10.4886
1.3221,14.1587,10.7093
12.5210,190.2217,15.1922
5.8240,190.2217,32.6616
1.2814,13.5243,10.5544
1.2771,13.5243,10.5897
1.2662,13.5243,10.6811
1.2201,13.5243,11.0847
1.4918,11.2444,7.5377
1.5033,11.7865,7.8405
1.5020,11.7865,7.8471
1.1174,17.2016,15.3941
1.0779,17.2016,15.9586
1.3387,11.6972,8.7378
1.3223,11.6972,8.8460
1.2981,11.6972,9.0108
1.2081,10.3333,8.5533
1.6694,11.4726,6.8723
1.3721,12.0286,8.7667
1.2038,10.4967,8.7195
1.1724,10.4967,8.9528
1.1750,11.8371,10.0745
3.1715,284.2433,89.6233
2.9233,284.2433,97.2325
2.9228,284.2433,97.2494
2.7721,284.2433,102.5365
5.5877,284.2433,50.8695
5.5799,284.2433,50.9402
5.2244,284.2433,54.4066
3.6053,284.2433,78.8394
2.0743,138.0893,66.5719
1.4773,18.0188,12.1970
1.4586,18.0188,12.3533
1.0688,18.0188,16.8587
1.6209,9.7608,6.0217
1.6390,11.8052,7.2028
1.0504,194.5883,185.2510
1.0489,194.5883,185.5203
19.1677,194.5883,10.1519
18.7346,194.5883,10.3866
18.6159,194.5883,10.4528
18.4788,194.5883,10.5303
1.6988,10.7096,6.3041
1.8489,20.1277,10.8863
1.8399,20.1277,10.9396
1.9301,12.5729,6.5141
1.5790,13.0332,8.2542
1.0778,169.3385,157.1152
1.7276,12.4871,7.2281
1.6700,12.4871,7.4771
1.5735,17.7221,11.2631
1.4730,17.7221,12.0316
1.4247,17.7221,12.4394
1.7314,10.0973,5.8319
1.4346,11.5189,8.0291
1.3821,11.5189,8.3342
1.3014,11.5189,8.8510
1.8426,15.6753,8.5070
1.8006,10.5834,5.8776
1.4177,11.2672,7.9474
1.4129,11.2672,7.9747
1.3637,11.2672,8.2621
1.6334,13.5072,8.2693
1.5878,13.5072,8.5069
1.4051,11.4745,8.1662
1.3966,11.4745,8.2160
1.3602,11.4745,8.4361
1.6830,11.1423,6.6206
1.2212,23.4709,19.2195
1.1911,23.4709,19.7045
1.6154,11.3280,7.0124
1.5650,11.3280,7.2383
1.6234,13.1655,8.1097
1.6186,13.1655,8.1338
1.5828,14.2728,9.0174
1.5411,14.2728,9.2616
1.4219,23.6040,16.6007
1.4185,23.6040,16.6397
1.3964,23.6040,16.9037
1.5028,11.6972,7.7837
1.4813,11.6972,7.8969
1.5817,13.1100,8.2886
1.5094,13.1100,8.6855
1.4835,13.1100,8.8373
1.9732,16.3200,8.2706
1.8895,16.3200,8.6372
2.2733,20.0440,8.8169
1.8677,114.8722,61.5040
1.7016,114.8722,67.5094
1.6513,114.8722,69.5665
1.3220,114.8722,86.8932
1.8875,14.9331,7.9115
1.4917,12.1581,8.1504
1.3958,12.1581,8.7105
1.3327,12.1581,9.1231
1.6793,10.7765,6.4172
1.6796,15.9328,9.4863
1.5120,15.9328,10.5374
1.6360,10.6822,6.5293
1.7521,12.3320,7.0384
1.7312,12.0091,6.9369
1.1635,12.2909,10.5633
1.1360,12.2909,10.8194
1.1342,12.2909,10.8367
1.1254,12.2909,10.9216
1.4232,16.0316,11.2641
1.3969,13.4702,9.6430
1.3565,13.4702,9.9304
1.2908,13.4702,10.4357
1.3682,17.2390,12.6002
1.5121,11.9713,7.9171
1.3757,11.9713,8.7019
1.3438,11.9713,8.9089
1.3068,11.9713,9.1608
1.2976,11.9713,9.2257
1.1749,11.9713,10.1890
1.5982,12.3378,7.7199
1.5295,12.3378,8.0666
1.6274,12.8087,7.8709
1.4887,12.8087,8.6038
1.8264,12.3787,6.7775
1.3771,13.3769,9.7140
1.3761,13.3769,9.7211
1.3100,13.3769,10.2113
1.3015,13.3769,10.2784
1.9116,16.8283,8.8034
1.8936,16.8283,8.8870
1.6513,16.8283,10.1911
1.6291,16.8283,10.3299
1.6264,11.8570,7.2906
1.4710,11.8570,8.0603
1.7453,10.3275,5.9172
1.5624,11.7772,7.5379
1.5033,11.7772,7.8342
1.6094,11.7772,7.3176
1.5873,11.7772,7.4199
1.5705,12.3520,7.8650
1.3748,12.3520,8.9849
1.2667,12.3520,9.7514
1.2427,12.3520,9.9396
1.0731,12.3520,11.5111
1.7007,12.7838,7.5166
5.0313,50.9632,10.1293
4.9929,50.9632,10.2072
4.9503,50.9632,10.2950
1.7447,12.8760,7.3801
1.6966,12.8760,7.5895
1.6305,24.6597,15.1238
1.5559,24.6597,15.8490
1.8923,24.6597,13.0319
1.8443,24.6597,13.3705
1.8583,24.6597,13.2698
1.8367,24.6597,13.4259
1.6037,24.6597,15.3767
1.5269,24.6597,16.1507
1.5487,24.6597,15.9226
1.5405,24.6597,16.0081
1.6295,24.6597,15.1336
1.5886,24.6597,15.5230
1.5591,24.6597,15.8171
1.5504,24.6597,15.9056
1.5330,24.6597,16.0855
1.9638,24.6597,12.5571
1.9363,24.6597,12.7356
4.8359,49.2533,10.1849
4.4727,49.2533,11.0119
4.4035,49.2533,11.1851
3.7530,49.2533,13.1239
2.4182,22.4834,9.2975
2.2667,22.4834,9.9191
2.2442,22.4834,10.0184
1.1712,45.7566,39.0665
1.8163,12.1815,6.7069
1.7100,11.4414,6.6910
1.0808,11.3044,10.4593
1.4490,10.8646,7.4979
1.4273,10.8646,7.6120
2.6401,32.4081,12.2754
2.8645,32.4081,11.3135
2.0538,32.4081,15.7797
1.8276,32.4081,17.7330
1.2716,43.9211,34.5412
1.0177,21.7310,21.3521
7.1872,89.6459,12.4730
6.9505,89.6459,12.8977
6.7482,89.6459,13.2843
6.7076,89.6459,13.3649
1.7094,26.4937,15.4986
2.0044,22.1858,11.0684
1.9702,22.1858,11.2606
1.5270,15.5615,10.1909
1.8275,11.1704,6.1125
1.6257,11.9735,7.3654
1.5405,11.9735,7.7725
1.4386,11.9735,8.3231
1.7437,10.6514,6.1085
1.6220,12.1900,7.5154
1.4940,12.1900,8.1592
1.6550,10.1289,6.1201
1.6036,20.1799,12.5839
1.5264,20.1799,13.2208
1.5432,10.9895,7.1214
1.5003,10.9895,7.3247
1.3547,25.1871,18.5928
1.2451,25.1871,20.2287
1.1876,25.1871,21.2076
1.1574,25.1871,21.7624
1.5969,11.6001,7.2643
1.4112,11.6001,8.2197
1.3762,11.6001,8.4289
1.8090,11.4955,6.3545
1.2169,14.6318,12.0240
1.7390,11.4180,6.5659
1.7514,13.5282,7.7243
1.4905,13.5282,9.0762
1.4489,13.5282,9.3372
1.5244,11.6633,7.6512
1.3520,12.0149,8.8867
1.3137,12.0149,9.1461
1.3012,12.0149,9.2340
1.6946,10.7556,6.3468
1.4590,10.9200,7.4847
1.3655,10.9200,7.9968
1.7031,10.9200,6.4117
1.7683,81.3750,46.0178
1.6456,11.9929,7.2878
1.6511,14.8300,8.9818
1.5357,14.8300,9.6567
1.2816,20.1215,15.7003
1.2275,20.1215,16.3929
1.1723,20.1215,17.1648
1.1566,20.1215,17.3971
1.4792,20.1215,13.6030
1.4715,20.1215,13.6744
1.4603,20.1215,13.7786
1.6085,9.4734,5.8897
1.5659,10.8269,6.9141
1.6811,16.7217,9.9466
2.2205,16.7217,7.5305
1.7944,12.2889,6.8486
1.9739,183.2513,92.8349
1.8754,183.2513,97.7118
1.7732,183.2513,103.3463
5.0106,183.2513,36.5731
4.7166,183.2513,38.8521
1.5689,12.0226,7.6632
1.9298,16.0588,8.3213
1.9170,16.0588,8.3772
1.4792,11.5538,7.8106
1.0139,12.1260,11.9597
1.6096,16.3622,10.1653
1.2106,13.3689,11.0434
1.0773,13.3689,12.4097
1.0635,13.3689,12.5711
1.7317,11.4525,6.6134
1.7449,10.1821,5.8352
2.3079,18.1054,7.8450
2.2780,18.1054,7.9479
1.6011,11.7233,7.3222
1.4334,12.9984,9.0686
1.4106,12.9984,9.2146
1.3026,12.9984,9.9792
1.9806,16.2781,8.2187
1.0992,11.0143,10.0201
1.0948,11.0143,10.0602
1.6791,11.0774,6.5973
1.6152,11.2358,6.9562
2.1047,15.0604,7.1556
1.6519,15.0604,9.1170
1.7387,10.3730,5.9660
1.4762,11.3381,7.6806
1.4705,11.3381,7.7105
1.8671,12.4358,6.6604
1.8465,30.5798,16.5606
1.4736,11.8836,8.0645
1.4557,11.8836,8.1635
1.4525,11.8836,8.1816
1.6535,13.1859,7.9747
1.6835,13.1859,7.8326
1.5866,10.8871,6.8618
1.5752,10.8871,6.9114
1.4738,11.5315,7.8245
1.3901,11.5315,8.2953
1.3231,11.5315,8.7154
1.8219,10.5541,5.7930
1.6868,10.4226,6.1790
36.6231,278.0678,7.5927
35.4910,278.0678,7.8349
1.4529,18.3966,12.6617
1.3581,18.3966,13.5457
1.3294,18.3966,13.8386
1.9658,18.3966,9.3585
1.8303,18.3966,10.0511
1.2438,20.6976,16.6401
1.2006,20.6976,17.2393
1.2911,16.0858,12.4588
1.2705,16.0858,12.6611
1.2624,16.0858,12.7419
1.6789,14.3953,8.5743
1.0650,14.9406,14.0284
1.0552,14.9406,14.1597
1.0451,14.9406,14.2953
1.3095,16.7295,12.7755
1.3045,16.7295,12.8245
1.0917,13.0662,11.9691
1.0634,13.0662,12.2872
1.0334,13.0662,12.6445
2.8976,207.4688,71.5995
2.2578,40.6768,18.0159
4.5192,56.8114,12.5711
1.2430,11.8662,9.5467
1.6034,19.9426,12.4378
1.5994,19.9426,12.4686
1.5959,19.9426,12.4965
1.3933,12.0879,8.6756
1.3881,12.0879,8.7080
1.6505,11.8020,7.1504
1.2776,13.7529,10.7645
1.1975,13.7529,11.4850
1.3848,10.9629,7.9167
1.3238,10.9629,8.2812
1.5860,12.1579,7.6659
1.5327,12.1579,7.9326
1.8566,17.7832,9.5786
1.8469,17.7832,9.6289
1.7067,17.7832,10.4195
1.7793,12.2220,6.8691
1.8237,13.1440,7.2072
1.5005,15.9274,10.6145
1.2879,15.9274,12.3671
1.1614,15.9274,13.7140
1.0603,15.9274,15.0222
1.0695,11.4039,10.6627
1.0505,11.4039,10.8556
1.0228,11.4039,11.1494
1.0192,11.4039,11.1894
1.9037,19.1958,10.0834
2.4866,19.1958,7.7196
1.6179,9.9534,6.1520
1.6617,18.1589,10.9280
1.5995,18.1589,11.3525
1.6149,13.5101,8.3661
1.5771,13.5101,8.5665
1.5204,13.5101,8.8861
1.5345,12.5513,8.1796
1.4110,12.5513,8.8952
1.3669,12.5513,9.1824
1.4616,12.5513,8.5876
1.3929,12.5513,9.0112
1.3743,12.5513,9.1332
1.4959,17.9698,12.0130
1.1790,38.5054,32.6599
2.6450,38.5054,14.5581
2.2590,38.5054,17.0452
2.1013,38.5054,18.3244
1.7589,38.5054,21.8921
1.3070,10.2381,7.8332
1.2599,10.2381,8.1260
1.4514,15.7456,10.8483
1.3548,15.7456,11.6224
1.2733,15.7456,12.3657
1.0674,14.8851,13.9453
1.0489,14.8851,14.1912
1.0377,14.8851,14.3450
1.8498,14.5914,7.8880
1.5755,10.2077,6.4790
1.2301,17.8736,14.5306
1.0136,12.8197,12.6480
1.4975,11.7734,7.8619
1.2473,12.1871,9.7706
1.2155,12.1871,10.0260
1.3552,9.6549,7.1242
1.2169,19.8897,16.3445
1.1233,19.8897,17.7063
1.2591,12.3529,9.8111
1.1892,12.3529,10.3877
1.1420,11.7214,10.2636
1.1120,11.7214,10.5404
1.0876,11.7214,10.7771
1.4339,12.0175,8.3811
1.0126,11.8248,11.6778
1.0190,13.5773,13.3238
1.0194,13.5773,13.3193
1.0101,13.5773,13.4409
1.2915,10.8153,8.3745
1.1545,22.7736,19.7267
1.1372,22.7736,20.0253
1.1354,22.7736,20.0573
1.0726,22.7736,21.2316
1.4210,10.4744,7.3711
1.4707,22.5737,15.3494
1.4564,22.5737,15.4999
1.4397,22.5737,15.6800
1.4054,22.5737,16.0622
1.2768,12.4106,9.7203
1.9356,27.4188,14.1652
1.8936,27.4188,14.4794
1.4010,10.6180,7.5788
1.0127,10.1415,10.0146
1.5088,11.6843,7.7441
1.4836,12.1592,8.1957
1.6248,14.6194,8.9976
1.4370,11.0792,7.7099
1.1702,19.2878,16.4819
1.0702,19.2878,18.0219
1.0479,11.4329,10.9101
1.0157,11.4329,11.2564
1.0088,11.4329,11.3336
1.2433,12.0778,9.7146
1.2121,12.0778,9.9642
1.3158,77.2815,58.7351
1.1191,11.6461,10.4067
1.1080,11.6461,10.5108
1.0465,11.6461,11.1290
1.3057,10.9470,8.3843
1.2861,10.9470,8.5120
1.3893,11.9861,8.6272
1.1429,16.9506,14.8319
1.4732,16.9506,11.5063
1.4393,10.6536,7.4018
1.1759,12.0837,10.2764
1.1619,12.0837,10.3996
1.1325,12.0837,10.6701
1.0834,11.6069,10.7133
1.0710,11.6069,10.8370
1.0690,11.6069,10.8579
1.2036,12.1889,10.1270
1.1953,12.1889,10.1977
1.1908,12.1889,10.2362
1.4993,12.9860,8.6615
1.5750,12.9860,8.2451
1.4497,10.6512,7.3469
1.4189,9.7528,6.8737
1.0954,10.8272,9.8845
1.0774,10.8272,10.0496
1.0859,11.1856,10.3004
1.0711,11.1856,10.4427
1.0580,11.1856,10.5723
1.4770,13.5090,9.1461
1.2736,13.5090,10.6066
1.2526,13.5090,10.7849
1.4407,13.5090,9.3764
1.4905,13.5090,9.0635
2.9629,30.7998,10.3952
2.9281,30.7998,10.5188
1.4155,11.1627,7.8859
1.5508,31.9467,20.5996
1.2569,31.9467,25.4167
1.5526,11.9270,7.6818
1.3619,11.7285,8.6120
1.2846,11.7285,9.1302
1.3104,15.8691,12.1105
1.2473,15.8691,12.7226
1.2464,15.8691,12.7321
1.2195,15.8691,13.0130
2.3195,20.8699,8.9974
1.1420,13.5889,11.8992
2.1282,27.3354,12.8447
2.0783,27.3354,13.1525
1.2280,11.3821,9.2689
1.1403,11.3821,9.9816
1.6050,11.8210,7.3652
1.3859,11.8004,8.5144
1.3950,17.5643,12.5905
1.3064,17.5643,13.4452
1.5170,11.8277,7.7969
1.2223,12.1882,9.9712
1.1607,12.1882,10.5005
1.4178,11.6221,8.1971
1.3464,11.6221,8.6322
1.6176,11.6221,7.1846
1.8442,12.7041,6.8887
1.3521,12.9291,9.5624
1.7004,12.9291,7.6037
1.4201,11.7434,8.2697
1.3849,11.7434,8.4793
1.1296,10.8717,9.6245
1.1156,10.8717,9.7456
1.0963,10.8717,9.9166
1.5871,11.3470,7.1494
1.0548,12.0844,11.4563
1.0378,12.0844,11.6448
1.0177,12.0844,11.8739
1.6597,11.1970,6.7466
1.1978,11.9445,9.9724
1.1789,11.9445,10.1321
1.1631,11.9445,10.2692
1.0286,15.8272,15.3869
1.5786,11.2168,7.1057
1.4939,11.6625,7.8067
1.5888,12.3342,7.7634
1.6455,10.8152,6.5728
1.3008,20.6461,15.8723
1.1874,20.6461,17.3881
1.0984,20.6461,18.7969
1.4719,20.6461,14.0269
1.2693,20.6461,16.2656
1.6659,11.4617,6.8800
1.5934,14.1204,8.8616
1.4709,14.1204,9.5999
1.8104,14.4676,7.9913
1.0640,14.0882,13.2406
1.0474,14.0882,13.4507
1.0324,14.0882,13.6463
1.0249,14.0882,13.7465
2.1159,30.7904,14.5520
2.1158,30.7904,14.5525
2.0159,30.7904,15.2738
1.9928,30.7904,15.4510
1.3991,23.3250,16.6716
1.3212,23.3250,17.6550
1.5811,12.8187,8.1073
1.5848,12.0111,7.5789
1.4433,12.0111,8.3218
1.3200,12.0111,9.0990
1.0959,14.4466,13.1825
1.4142,11.4129,8.0704
1.3775,11.4129,8.2854
1.5769,11.4129,7.2375
1.5955,10.9947,6.8909
1.4461,13.3558,9.2357
1.3244,13.3558,10.0842
1.7219,11.4469,6.6478
1.7064,12.3277,7.2244
1.2157,13.0074,10.6993
1.1042,13.0074,11.7799
1.0746,13.0074,12.1049
1.0717,13.0074,12.1374
1.2707,13.0074,10.2361
1.2309,13.0074,10.5677
1.2166,13.0074,10.6918
1.6196,14.8500,9.1691
1.7473,14.8500,8.4990
1.4158,13.2168,9.3354
1.3974,13.2168,9.4583
1.5371,12.0555,7.8429
1.4672,13.3681,9.1111
1.6494,11.4396,6.9354
1.6854,12.8471,7.6224
1.2308,15.3189,12.4458
1.2085,15.3189,12.6761
16.7000,183.3541,10.9793
11.4097,183.3541,16.0701
11.3248,183.3541,16.1905
1.4071,11.7232,8.3317
1.3882,11.7232,8.4451
1.2339,13.1785,10.6806
1.2243,13.1785,10.7643
1.2160,13.1785,10.8371
1.0504,12.6415,12.0346
1.0299,12.6415,12.2742
1.6450,11.7193,7.1243
1.7003,13.6847,8.0484
1.3322,19.1883,14.4032
1.2007,19.1883,15.9812
1.1341,19.1883,16.9200
1.4450,11.7066,8.1017
2.3855,67.8929,28.4612
2.3795,67.8929,28.5326
2.2595,67.8929,30.0471
1.1093,14.3154,12.9054
1.0880,14.3154,13.1577
1.2008,13.6126,11.3359
1.1002,13.6126,12.3726
1.1049,12.0889,10.9412
1.0917,12.0889,11.0738
1.0728,12.0889,11.2687
1.6205,11.8330,7.3023
1.4541,13.3817,9.2027
1.5979,12.2191,7.6471
1.4607,12.5907,8.6198
1.0745,16.1028,14.9862
1.0622,16.1028,15.1604
1.2629,12.7038,10.0590
1.1661,12.7038,10.8945
1.4668,12.7038,8.6611
1.5310,12.7038,8.2980
3.8030,58.9206,15.4932
3.6846,58.9206,15.9909
3.4769,58.9206,16.9463
2.1168,58.9206,27.8347
1.5419,13.3755,8.6744
1.2695,13.8344,10.8977
1.2206,13.8344,11.3342
1.1033,13.8344,12.5396
1.0849,13.8344,12.7515
1.2613,13.8344,10.9685
1.2391,13.8344,11.1646
1.6947,12.3838,7.3075
2.7842,30.4395,10.9327
1.7760,30.4395,17.1392
1.7447,30.4395,17.4473
1.7061,30.4395,17.8418
1.6417,30.4395,18.5413
1.9847,30.4395,15.3370
1.9791,30.4395,15.3803
1.6314,30.4395,18.6586
1.5942,30.4395,19.0939
1.5469,30.4395,19.6777
1.5318,30.4395,19.8721
1.4735,30.4395,20.6575
1.4659,30.4395,20.7647
2.2996,30.4395,13.2369
2.2579,30.4395,13.4811
1.7178,30.4395,17.7203
1.6303,30.4395,18.6712
1.5753,30.4395,19.3229
1.3158,12.1605,9.2421
1.3029,12.1605,9.3332
1.5487,12.5958,8.1332
1.1982,15.2734,12.7467
1.0931,15.2734,13.9724
1.2631,12.7061,10.0594
1.2290,12.7061,10.3381
1.5173,10.9160,7.1944
1.0276,29.5130,28.7212
1.6318,13.7016,8.3965
1.0122,11.8405,11.6979
1.0042,11.8405,11.7911
1.1853,13.1018,11.0534
1.1524,13.1018,11.3695
1.3710,10.7322,7.8279
1.5421,13.2355,8.5827
1.3059,13.0181,9.9685
1.2739,13.0181,10.2188
1.0512,12.8897,12.2617
1.0484,12.8897,12.2942
1.0252,12.8897,12.5728
1.1366,13.2327,11.6425
1.1367,13.2327,11.6417
1.1224,13.2327,11.7892
1.3708,11.8274,8.6283
1.3293,11.8274,8.8975
1.0536,15.4148,14.6307
1.0343,15.4148,14.9034
1.6581,18.9590,11.4341
1.6121,18.9590,11.7604
1.4550,14.2473,9.7917
1.4214,14.2473,10.0232
1.2748,17.0865,13.4030
1.2465,17.0865,13.7073
1.2816,13.9294,10.8691
9.8491,497.1891,50.4807
1.3371,13.9952,10.4666
1.2904,13.9952,10.8456
2.0275,18.7317,9.2388
1.5720,11.9260,7.5863
1.6825,12.3856,7.3613
1.6358,12.6252,7.7181
1.6062,11.8636,7.3861
1.2871,18.0391,14.0153
1.1862,18.0391,15.2077
1.6178,12.7251,7.8655
1.3136,20.7712,15.8125
1.0902,20.7712,19.0524
1.0514,20.7712,19.7562
1.6288,104.2730,64.0165
1.2934,104.2730,80.6190
1.0035,104.2730,103.9133
1.1897,24.7387,20.7949
1.1801,24.7387,20.9626
1.1358,24.7387,21.7802
1.7816,24.7387,13.8860
1.8144,24.7387,13.6345
1.5297,24.7387,16.1727
1.3084,24.7387,18.9073
1.2999,24.7387,19.0307
1.5036,24.7387,16.4526
1.2916,24.7387,19.1538
1.2717,24.7387,19.4535
1.7030,13.8707,8.1451
1.5887,13.4191,8.4466
