original_length,target_length,grade
437,51,1
437,47,1
264,10,2
264,10,2
264,30,2
311,225,2
162,26,2
162,16,2
162,16,2
162,26,2
24,18,2
63,15,2
97,38,2
97,38,2
97,8,2
61,27,2
110,24,2
152,27,2
152,15,2
152,25,2
92,24,2
188,26,3
1041,43,2
24,18,2
170,40,2
8,6,2
62,28,2
62,28,2
50,10,2
50,11,2
22,16,2
37,15,2
37,17,2
37,5,2
23,17,2
23,17,2
23,17,2
23,17,2
92,12,2
92,9,2
111,48,2
111,36,2
111,30,2
32,16,2
63,49,2
63,49,2
63,49,2
8,6,2
27,11,2
89,34,2
98,12,2
60,18,3
60,20,3
59,9,2
59,9,2
59,23,2
59,10,2
172,20,2
172,22,2
421,102,2
421,44,2
421,72,2
421,50,2
32,14,2
30,14,2
38,19,2
256,80,2
256,63,2
460,314,2
460,312,2
460,333,2
317,42,3
317,46,3
317,22,2
145,22,2
145,24,2
145,16,2
300,44,3
300,46,3
300,38,3
300,19,2
58,14,2
291,42,2
291,78,2
82,28,2
82,6,2
82,6,2
102,7,2
102,34,2
102,18,2
102,12,2
50,15,2
50,6,2
50,16,2
205,59,2
205,33,2
205,31,2
205,39,2
53,5,2
53,10,2
92,26,2
92,16,2
92,15,2
92,16,2
120,29,2
120,15,2
64,6,2
64,16,2
64,6,2
36,16,2
43,17,2
72,14,2
72,14,2
22,16,2
676,30,2
206,17,2
206,26,2
206,36,2
206,37,2
72,27,2
72,17,2
72,27,2
72,17,2
203,117,2
203,108,2
203,121,2
13,11,2
14,12,2
405,41,2
405,54,2
35,19,2
36,18,2
36,16,2
264,71,2
264,64,2
264,88,2
45,16,2
45,14,2
134,23,2
134,37,2
134,27,2
118,19,2
118,6,2
118,18,2
174,24,2
174,24,2
40,6,2
40,6,2
109,24,2
109,15,2
22,16,2
50,16,2
50,16,2
50,16,2
28,12,2
84,18,2
84,18,2
84,11,2
84,12,2
1398,59,2
1398,40,2
1398,35,2
128,23,2
128,27,2
78,32,2
25,9,2
27,11,3
2557,98,3
2557,99,2
2557,38,2
736,432,2
24,18,2
22,16,2
62,12,3
75,22,2
75,24,2
24,18,2
187,10,2
187,27,2
152,16,2
152,16,2
152,16,2
152,6,2
25,9,2
978,76,2
978,78,2
978,81,2
94,24,2
94,23,2
94,24,2
83,10,2
56,14,2
56,14,2
8,6,2
330,156,2
330,136,2
36,17,2
150,22,2
150,32,2
150,26,2
135,22,2
135,24,2
135,22,2
108,28,2
108,28,2
424,97,2
424,53,2
424,97,2
424,54,2
24,18,3
25,23,2
25,23,2
108,11,3
37,5,2
37,5,2
37,6,2
37,1,2
4267,87,3
4267,35,3
4267,53,3
4267,37,3
83,17,2
83,37,2
37,17,2
37,27,2
143,17,2
41,9,2
119,16,2
119,16,2
119,6,2
3084,70,2
3084,38,2
3084,38,2
8,6,3
124,22,2
124,34,2
124,57,2
63,6,2
63,41,2
63,29,2
63,41,2
16,14,2
38,18,2
38,18,2
22,16,3
78,6,2
78,15,2
140,21,2
140,21,2
140,35,2
94,21,2
37,19,2
45,16,2
45,15,2
45,15,2
7,5,2
330,24,2
4345,133,2
4345,134,2
4345,134,2
4345,119,2
94,23,2
94,24,2
94,24,2
166,81,2
166,68,2
249,48,2
249,56,2
249,38,2
249,54,2
197,27,3
197,16,3
197,17,3
750,16,2
750,42,2
750,42,2
750,38,2
56,28,2
56,28,2
56,28,2
331,60,2
331,60,2
331,52,2
331,60,2
7,5,2
28,6,2
78,6,2
78,15,2
78,25,2
35,6,2
35,6,2
35,6,2
35,6,2
144,8,2
13,11,2
6269,57,2
6269,39,2
6269,59,2
6269,59,2
996,26,2
34,28,2
34,12,2
66,24,3
66,24,2
66,24,2
66,23,2
159,22,2
159,30,2
159,24,2
159,32,2
329,175,2
329,176,2
329,86,2
105,7,2
8,6,2
8,6,2
203,24,2
203,106,2
203,100,2
22,16,2
112,34,2
112,24,2
112,34,2
22,16,2
22,16,2
292,120,2
292,136,2
292,98,2
24,18,2
3695,74,3
3695,108,3
66,14,2
66,14,2
66,14,2
66,24,2
3899,67,3
3899,43,3
3899,84,3
304,78,2
304,36,2
304,36,2
190,80,3
190,80,3
190,80,3
190,70,2
22,16,2
38,19,2
80,19,2
51,12,2
13,11,2
211,21,2
211,33,2
211,33,2
917,92,2
917,86,2
917,59,2
62,21,2
62,16,2
166,35,2
166,55,2
166,98,2
595,100,2
24,18,2
135,22,2
135,24,2
135,22,2
56,6,2
56,22,2
8,6,2
395,19,2
395,67,2
395,75,2
395,66,2
34,18,2
8,6,2
25,9,2
131,16,2
131,15,2
131,6,1
40,8,2
201,48,2
201,48,2
201,20,2
201,29,2
241,23,2
241,10,2
241,35,2
241,27,2
11,9,2
48,15,2
48,29,2
48,16,2
308,58,2
308,102,2
308,119,2
308,120,2
117,11,2
68,8,2
68,8,2
82,8,2
82,8,2
82,32,2
68,8,2
22,16,2
119,61,2
119,38,2
174,24,2
174,22,2
174,22,2
13,11,2
56,24,2
56,14,2
56,22,2
59,9,2
59,9,2
26,20,2
22,16,2
2059,22,2
2059,22,2
2059,42,2
2059,42,2
120,22,2
120,12,2
27,21,2
27,11,2
2464,41,3
2464,57,3
2464,77,3
2464,61,3
12,10,1
130,35,2
130,37,2
130,26,1
130,16,1
96,32,2
96,18,2
96,18,2
96,18,2
22,6,2
69,12,2
39,8,2
96,16,2
96,15,2
851,53,2
851,54,2
851,43,2
851,34,2
2676,42,3
2676,48,3
2676,53,3
25,19,2
27,11,2
52,24,2
52,24,2
52,42,2
35,15,2
35,14,2
43,20,2
43,9,2
37,6,2
37,16,2
37,6,2
37,17,2
51,27,2
51,27,2
51,16,2
55,10,2
55,7,2
55,15,2
37,6,2
37,17,2
37,7,2
37,16,2
37,6,2
37,16,2
51,17,2
51,16,2
51,16,2
51,37,2
51,16,2
51,30,2
51,27,2
166,27,2
166,37,2
166,37,2
166,27,2
2001,45,2
35,19,2
882,48,2
882,58,2
882,38,2
882,36,1
11,9,2
94,34,2
94,34,2
94,34,2
54,18,2
54,18,2
54,18,2
54,18,2
26,10,2
405,133,2
36,16,2
36,16,2
83,11,2
81,14,2
64,11,2
64,11,2
64,15,2
138,40,2
941,36,2
941,30,2
941,8,2
941,22,1
344,44,2
344,34,2
344,22,2
24,9,2
60,30,2
60,20,2
60,30,2
88,12,2
273,131,1
273,107,1
273,97,1
429,53,2
429,24,2
429,42,2
429,53,2
44,7,2
44,22,2
429,127,2
50,21,2
50,11,2
1418,72,3
1418,61,3
1418,46,3
52,16,2
52,16,2
1312,70,2
1312,84,2
1312,84,2
1312,86,1
27,11,2
33,15,2
69,12,2
69,23,2
69,6,2
241,169,2
241,139,2
241,183,2
25,9,2
25,9,2
23,17,2
135,22,2
135,24,2
785,100,2
785,101,2
785,81,2
785,61,1
25,9,2
83,6,2
83,15,2
49,12,2
49,14,2
79,27,2
79,16,2
166,27,2
166,37,2
166,17,2
166,27,2
166,16,2
192,36,2
192,47,2
123,38,2
123,17,2
123,6,2
123,6,2
166,36,2
166,16,2
234,56,2
234,16,2
234,67,2
234,77,2
121,17,2
121,15,2
121,27,2
303,26,2
303,16,1
303,24,1
303,22,1
131,34,2
131,26,2
131,22,2
22,16,2
89,34,2
89,34,2
223,52,2
223,20,2
223,20,2
11,9,2
30,10,2
186,43,2
186,34,2
186,46,2
38,22,2
38,22,2
28,13,2
19,17,2
181,15,2
181,29,2
181,95,2
149,15,2
28,11,2
28,12,2
109,16,2
109,16,2
109,26,2
22,16,2
119,27,2
153,16,2
153,16,2
24,18,2
27,11,2
2686,118,3
2686,48,2
2686,46,2
266,22,2
266,38,2
88,31,2
88,21,2
88,20,2
37,18,2
37,17,2
61,8,2
60,46,2
31,6,2
29,13,2
8,6,2
52,18,2
27,11,2
27,11,2
185,58,2
185,74,2
185,38,1
185,58,1
150,56,2
150,24,2
150,24,2
13,11,2
1078,35,2
1078,45,2
1078,35,2
149,34,3
149,24,3
149,22,3
22,16,2
639,24,3
639,24,3
639,43,3
639,65,3
8228,62,3
8228,24,2
91,22,2
91,22,2
27,10,2
13,11,2
1417,63,2
1417,63,2
1417,51,2
247,44,2
247,56,2
27,11,2
92,25,2
92,60,2
92,26,2
42,34,2
42,14,2
125,15,2
125,34,2
62,28,2
62,28,2
108,29,2
108,29,2
108,29,2
78,11,2
78,11,2
226,28,2
226,28,2
195,34,2
195,26,2
195,34,2
134,5,2
134,6,2
134,1,2
63,16,2
63,15,2
284,60,2
284,108,2
284,80,2
284,61,2
62,11,2
236,38,2
236,50,2
236,28,2
78,15,2
78,6,2
288,10,2
288,10,2
377,31,2
377,33,2
377,31,2
71,9,2
805,77,2
805,67,2
23,17,2
64,12,2
64,11,2
270,24,2
270,63,2
270,42,2
270,45,2
22,16,2
8,6,2
22,16,2
55,6,2
55,21,2
22,16,2
1602,30,2
1602,8,2
1602,41,2
640,166,2
640,179,2
640,155,2
640,131,2
45,21,2
45,21,2
21,15,2
120,7,2
120,17,2
78,15,2
29,10,2
29,10,2
45,26,2
148,38,2
148,42,2
148,52,2
148,51,2
140,46,2
140,36,2
55,11,2
55,28,2
52,11,2
52,12,2
24,18,2
168,66,2
133,12,2
133,68,2
133,64,2
76,26,2
180,26,2
180,36,2
180,45,2
180,15,2
104,44,2
104,38,2
36,30,2
36,30,2
22,16,2
22,16,2
142,20,2
142,10,2
88,31,2
88,30,2
88,30,2
88,20,2
140,28,2
140,18,2
38,6,2
38,8,2
38,18,2
162,12,2
162,29,2
162,39,2
162,39,2
64,12,2
16,14,2
200,11,2
67,6,2
67,15,2
67,16,2
40,16,2
40,16,2
109,12,2
109,12,2
410,296,2
545,44,2
545,36,2
25,19,2
64,20,2
64,13,2
80,25,2
80,35,2
188,33,2
188,34,2
188,38,2
24,18,2
38,22,2
38,18,2
100,58,2
54,18,2
54,8,2
188,18,2
188,28,2
188,28,2
188,17,2
41,6,2
41,6,2
41,21,2
28,12,2
28,6,2
28,21,2
28,5,2
35,6,2
22,16,2
8,6,2
135,22,2
323,154,2
323,140,2
323,213,2
24,18,2
152,22,2
152,22,2
36,16,2
289,19,2
289,33,2
289,5,2
58,18,2
58,8,2
58,18,2
58,18,2
58,18,2
513,41,2
513,21,2
513,41,2
513,41,2
27,10,2
1630,16,2
1630,31,2
1630,32,2
33,17,2
31,15,2
7,5,2
708,37,2
708,86,2
708,37,2
25,9,2
58,5,2
58,5,2
76,40,2
76,40,2
76,37,2
27,6,2
3100,42,2
28,22,2
28,8,2
28,10,2
54,6,2
54,16,2
54,20,2
8,6,2
22,16,2
51,19,2
166,64,2
301,48,2
301,48,2
301,70,2
301,49,2
1388,84,2
1388,34,2
1388,73,2
1388,18,2
12,10,2
1,1,2
362,16,2
362,40,2
2978,55,3
2978,18,3
2978,29,3
58,5,2
152,18,2
152,50,2
152,30,2
302,44,2
302,40,2
28,12,2
153,42,2
123,12,2
123,29,2
284,12,2
89,34,2
89,34,2
52,12,2
52,12,2
362,186,3
111,18,2
111,30,2
48,21,2
168,30,3
168,70,3
168,26,2
57,53,2
57,43,2
57,38,2
57,38,2
22,16,2
22,16,2
63,25,2
63,10,2
22,16,2
52,32,2
70,12,2
70,24,2
25,9,2
52,11,2
52,12,2
106,27,2
404,30,2
404,29,2
404,20,2
404,19,2
78,15,2
78,6,2
67,19,2
129,15,2
129,28,2
129,15,2
375,16,2
53,6,2
53,19,2
154,38,2
154,8,2
154,58,2
129,9,2
129,15,2
47,31,2
73,28,2
73,14,2
52,24,2
30,24,2
30,24,2
22,16,2
22,16,2
117,22,2
117,22,2
60,24,2
60,24,2
10,8,2
1,1,2
1,1,2
1,1,2
31,14,2
108,10,2
108,28,2
108,28,2
108,28,2
36,16,2
36,16,2
36,16,2
16,12,2
167,18,2
167,39,2
167,45,2
167,44,2
66,12,2
28,12,2
157,18,2
157,58,2
157,43,2
22,16,1
162,9,3
162,29,3
162,26,1
162,38,1
24,18,2
277,34,2
277,38,2
277,34,2
122,62,2
333,43,1
64,15,2
144,14,2
144,14,2
144,32,2
144,10,2
134,16,2
318,30,2
318,24,2
318,36,2
318,20,2
149,17,2
149,16,2
150,44,2
150,58,2
150,42,2
150,22,2
34,16,2
110,18,3
110,8,3
70,6,2
70,19,2
60,42,2
21,15,2
21,15,2
95,10,2
8,6,2
47,29,2
163,20,2
163,53,2
144,46,2
10668,96,3
10668,92,3
10668,82,3
10668,84,1
8,6,1
58,12,1
1417,56,2
1417,17,2
222,38,2
222,22,2
280,46,3
280,54,3
280,58,3
280,88,2
33,17,2
24,18,2
990,42,2
990,40,2
990,42,2
69,27,2
69,12,2
1176,63,2
1176,32,2
1176,78,2
1176,37,2
11,9,2
558,359,2
301,22,2
301,32,2
301,22,2
40,10,2
112,32,2
112,32,2
2253,22,2
2253,22,2
2253,12,2
72,19,2
72,9,2
110,30,2
110,52,2
110,18,2
52,26,2
52,16,2
52,16,2
166,66,2
166,108,2
166,62,2
166,98,2
103,27,3
103,9,2
25,9,2
49,12,2
22,16,2
3509,21,2
3509,41,2
3509,41,2
3509,51,2
1475,90,2
658,402,2
658,36,2
60,42,2
60,42,2
130,24,2
130,23,2
130,63,2
805,44,2
805,72,2
45,14,2
45,7,2
45,25,2
69,23,2
69,13,2
93,17,2
74,10,2
74,6,2
74,11,2
74,21,2
60,6,2
60,11,2
60,21,2
60,6,2
7,5,2
50,11,2
50,11,2
74,11,2
74,21,2
74,20,2
74,33,2
74,11,2
74,11,2
74,21,2
88,6,2
22,16,2
27,6,2
27,11,2
27,1,2
7,5,2
60,6,2
38,32,2
38,32,2
696,35,2
696,66,2
37,17,2
99,27,2
99,28,2
99,17,2
99,17,2
22,16,2
66,22,2
66,10,2
62,6,2
130,24,2
130,23,2
130,36,2
108,76,2
60,42,2
214,76,2
214,72,2
214,67,2
214,76,2
170,40,2
170,36,2
36,16,2
36,16,2
36,16,2
52,16,2
52,6,2
661,435,2
974,36,2
974,46,2
974,36,2
974,16,2
13036,18,3
13036,28,3
13036,80,3
13036,62,3
51,19,2
48,18,2
42,23,2
53,25,2
53,5,2
315,18,2
87,31,2
87,18,2
299,46,2
299,20,2
108,11,2
108,34,2
108,34,2
108,48,2
45,9,2
45,9,2
1352,48,2
1352,18,2
1352,8,2
22,16,2
22,16,2
577,73,2
577,44,2
577,56,2
577,53,2
10,8,2
61,38,2
61,18,2
61,38,2
61,42,2
61,38,2
61,18,2
60,8,2
60,8,2
22,16,2
51,6,2
51,17,2
454,80,2
454,32,2
454,68,2
454,59,2
55,20,2
43,14,2
29,13,2
2177,39,2
2177,45,2
2177,38,2
313,6,2
313,20,2
313,6,2
116,31,2
116,66,2
38,6,2
38,6,2
44,22,2
44,7,2
50,10,2
50,11,2
257,30,2
257,29,2
257,29,2
257,30,2
568,27,2
568,34,2
568,40,2
96,16,2
96,16,2
96,6,2
234,125,2
234,79,2
147,16,2
348,44,2
348,24,2
348,35,2
33,15,2
119,39,2
26,10,2
39,19,2
9,7,2
129,7,2
129,22,2
129,22,2
129,34,2
291,84,2
291,74,2
291,61,2
141,36,2
30,14,2
1056,69,3
1056,30,3
1056,69,3
1056,69,2
18,1,2
303,167,2
303,116,2
303,147,2
303,116,2
22,16,2
63,28,2
63,26,2
94,24,2
94,24,2
94,24,2
31,13,2
22,16,2
10161,487,1
194,34,2
194,20,2
194,20,2
148,8,2
148,18,2
378,36,1
1182,159,2
42,9,3
922,48,3
922,48,3
922,48,3
134,15,3
134,14,3
134,16,3
176,28,3
176,28,3
176,29,3
7,5,3
58,48,3
178,58,3
178,74,3
52,12,3
52,11,3
28,8,3
28,9,3
24,18,3
47,19,3
47,18,3
79,12,3
79,12,3
33,17,3
92,21,3
92,11,3
35,19,3
6578,44,2
6578,48,2
6578,34,1
463,163,3
463,161,3
463,149,3
463,131,3
178,12,3
36,6,3
36,6,3
36,15,3
22,16,3
22,16,3
36,6,3
36,6,3
35,5,3
35,15,3
35,15,3
22,16,3
109,13,3
109,18,3
70,12,3
70,30,3
70,36,3
228,124,1
228,124,1
61,32,3
61,12,3
22,16,3
303,22,2
303,48,2
303,28,2
303,22,2
2207,21,3
2207,44,2
9419,63,3
9419,114,3
9419,67,3
9419,63,3
603,16,3
135,24,2
135,22,2
233,37,3
233,106,1
64,30,3
64,30,3
1754,32,2
1754,30,2
1754,18,2
314,32,3
314,32,3
314,30,3
983,32,2
983,44,2
983,46,2
82,14,3
82,29,3
82,30,2
62,32,3
62,34,3
372,76,3
372,80,3
13,11,3
2077,54,2
2077,54,2
2077,74,2
37,22,3
22,16,3
285,151,2
285,119,2
285,85,2
1361,38,2
1361,38,2
1361,80,2
1361,80,2
5768,131,3
5768,106,3
5768,119,3
1070,335,2
29,27,3
386,13,3
386,35,3
386,39,3
386,35,2
39,9,3
22,16,3
130,26,3
130,20,3
130,24,3
227,114,3
227,28,3
227,29,3
30,14,1
1775,100,3
1775,32,3
1775,40,2
90,34,3
90,34,3
90,59,2
90,32,2
58,6,3
58,36,3
35,5,3
35,15,3
35,5,3
3046,93,3
3046,80,3
3046,86,2
3046,72,1
91,13,3
42,16,3
42,32,3
42,32,3
13,11,3
825,47,3
825,69,2
1929,77,3
1929,86,2
1929,86,2
1929,57,2
35,19,3
17,15,3
31,15,3
31,15,3
17,15,3
296,22,3
296,48,3
1219,61,3
1219,71,3
1219,37,3
950,337,3
950,337,3
27,9,3
27,21,2
617,351,1
285,11,3
132,78,3
132,66,3
132,51,3
132,58,3
53,5,3
53,6,3
270,56,3
270,48,3
526,46,3
26,10,2
26,20,3
26,6,3
22,16,3
55,16,3
55,6,3
22,16,3
181,86,3
181,8,3
200,51,3
200,47,3
200,54,3
110,8,3
110,8,3
85,9,2
85,5,2
85,5,2
215,38,3
215,38,3
69,5,3
69,19,3
69,18,3
69,19,3
106,24,3
106,30,3
604,61,3
604,193,1
866,28,3
866,8,3
866,30,2
866,49,2
34,18,3
24,18,3
96,6,3
96,5,3
81,18,3
81,50,3
366,62,3
366,64,3
1055,62,3
1055,134,3
219,34,3
378,22,2
378,47,2
141,22,3
141,9,3
26,5,3
26,21,3
26,1,3
120,26,3
120,26,3
21,15,3
1821,40,3
1821,66,3
1821,87,3
1821,100,3
23,17,3
72,22,3
72,22,3
1624,100,3
1624,92,3
1624,90,3
1624,92,3
12974,41,3
12974,46,3
12974,37,3
12974,43,3
7,5,3
7,5,3
23,17,3
80,6,3
80,28,3
23,17,3
23,17,3
55,14,3
16,14,3
68,17,3
168,20,3
168,41,3
72,6,3
56,29,3
56,23,3
56,18,3
56,18,3
60,16,3
56,26,3
35,19,3
724,44,3
724,8,3
54,26,3
24,18,3
18,1,3
50,16,3
50,14,3
7,5,3
60,21,3
175,60,3
103,20,3
103,14,3
58,40,3
8,6,3
130,11,3
16,14,3
22,16,3
174,28,3
174,36,3
174,32,3
43,13,3
241,153,3
241,129,2
166,12,3
166,28,3
44,24,3
44,8,3
44,6,3
29,13,3
77,13,3
256,156,3
256,159,3
256,126,3
7,5,3
7,5,3
27,11,3
8,6,3
51,28,3
51,28,3
112,17,3
112,17,3
10337,37,3
10337,17,3
226,28,3
226,28,3
226,16,3
226,28,3
227,110,3
227,89,3
117,11,3
39,8,3
39,18,3
356,30,3
356,30,3
61,19,3
22,6,3
133,33,3
133,33,3
133,19,3
38,14,3
38,19,3
10,8,3
133,33,3
133,19,3
133,33,3
82,9,3
91,10,3
98,10,3
140,32,3
140,47,3
70,42,2
70,24,2
70,12,2
119,24,3
203,38,2
203,27,2
203,28,2
203,42,2
30,14,3
113,8,3
113,29,3
888,67,2
888,65,2
888,57,2
888,46,2
286,27,1
286,49,1
286,16,1
45,18,3
8,6,3
846,56,2
67,40,3
67,40,2
80,14,3
117,17,3
117,11,3
761,44,3
761,18,3
761,81,1
340,32,3
340,54,3
340,77,3
340,62,3
55,13,3
55,14,2
1304,41,3
1304,40,3
1304,42,3
1304,53,3
254,54,3
254,54,3
254,54,3
66,29,3
66,35,3
66,18,3
56,24,3
56,14,3
461,46,2
461,77,2
461,51,2
52,22,3
52,22,3
56,12,3
1012,100,3
1012,95,3
1012,109,2
1012,109,2
395,59,3
395,27,3
22,16,2
31,15,2
559,389,2
347,51,2
129,15,3
280,64,2
280,54,2
280,53,2
280,67,2
22,16,2
25,9,3
120,16,2
120,16,2
120,6,2
25,9,3
32,16,3
203,46,3
203,38,3
203,6,3
203,14,3
24,18,3
54,8,3
54,18,1
54,18,1
25,9,2
22,16,3
107,60,2
107,46,2
107,60,2
34,19,2
63,15,2
63,5,2
64,15,2
304,27,2
304,54,2
304,39,2
63,16,2
63,16,2
63,15,2
63,16,2
63,15,2
63,15,2
36,19,2
36,6,2
63,15,2
63,16,2
63,15,2
7,5,2
64,12,2
78,12,2
78,12,2
78,6,2
78,6,2
10,8,3
52,16,3
54,18,2
54,18,2
388,222,2
36,15,2
36,15,2
36,15,2
36,5,2
34,16,2
73,44,2
73,46,2
73,31,2
36,18,2
83,9,2
83,30,2
36,16,2
36,26,2
36,26,2
7,5,2
614,101,3
614,69,2
50,30,2
50,20,2
50,20,2
2133,68,2
2133,29,2
2133,54,2
2133,68,2
8,6,3
112,24,2
112,33,2
112,33,2
24,18,3
843,41,2
843,41,2
22,16,2
107,20,2
107,20,2
37,17,1
5272,111,3
5272,111,3
5272,111,3
5272,101,3
78,30,2
78,30,2
78,30,2
78,30,2
521,315,3
152,60,2
152,20,2
152,60,2
3703,28,3
3703,44,3
3703,42,3
55,32,3
55,32,3
102,8,3
102,8,3
102,46,2
162,21,3
162,55,3
162,31,3
492,25,3
492,49,3
36,18,3
55,14,3
35,29,3
35,13,3
35,29,3
33,12,3
33,12,3
510,58,3
510,35,3
510,24,2
31,25,3
31,25,2
78,30,3
78,30,3
78,30,3
7,5,3
82,22,3
82,12,3
82,11,3
150,44,3
150,17,2
150,54,2
150,18,2
32,16,2
15,13,3
654,54,2
654,47,2
654,55,2
654,56,1
123,23,3
65,12,3
72,27,3
72,15,3
117,11,3
55,23,3
28,22,3
28,22,3
162,16,3
162,35,3
55,24,3
55,35,3
55,25,3
2325,54,3
2325,89,3
2325,38,2
409,27,3
409,27,3
409,43,3
27,11,3
42,22,3
42,6,3
42,12,3
42,12,3
19,15,3
311,161,2
311,173,2
56,32,3
56,32,3
36,17,3
36,9,3
25,9,3
100,21,3
100,21,3
93,41,3
93,11,3
8,6,3
23,17,3
2325,113,2
2325,107,1
2325,77,1
189,32,3
189,22,2
14,12,3
36,26,2
36,16,2
36,16,2
27,11,3
190,56,2
190,69,2
190,64,2
190,78,2
84,12,3
160,36,3
160,25,3
160,16,3
202,35,2
54,20,2
54,20,2
54,20,2
54,10,2
951,49,3
951,34,2
127,17,3
56,14,2
112,11,2
451,72,3
451,46,3
451,38,3
72,17,3
72,6,2
86,28,3
86,28,3
86,8,2
244,63,3
244,34,3
244,38,3
244,38,3
50,18,3
114,10,2
52,12,2
52,12,2
42,23,3
26,10,2
58,20,2
58,20,2
58,10,2
58,18,2
29,13,3
3122,116,3
430,20,2
430,30,2
430,50,2
430,25,2
8,6,3
22,16,3
135,22,2
120,24,3
120,34,3
120,22,3
83,36,3
83,12,3
64,15,3
64,11,3
25,9,3
63,12,2
964,46,3
964,56,2
115,40,3
115,28,3
237,25,2
237,38,2
237,38,2
237,25,2
12384,51,3
12384,43,3
12384,30,3
12384,52,3
509,40,2
509,36,2
509,46,2
108,14,3
73,12,3
44,6,2
44,8,3
44,17,3
29,9,3
29,9,3
29,9,3
8,6,3
22,16,3
8,6,3
103,32,3
103,12,3
8,6,3
135,22,2
1783,39,3
1783,18,2
1783,37,2
303,41,3
303,66,3
303,43,3
126,15,2
126,18,2
126,27,2
76,8,3
76,8,3
8,6,3
27,11,3
27,11,3
24,18,3
62,22,3
62,22,3
62,22,2
62,22,2
33,6,3
33,17,3
135,22,2
135,22,2
222,14,2
222,32,2
222,34,2
60,31,2
131,18,3
131,28,2
131,39,2
131,42,2
422,338,3
422,300,2
36,15,3
36,16,3
248,134,3
23,17,2
87,12,2
94,23,3
94,24,3
94,24,3
57,23,3
57,23,3
65,35,3
65,8,3
65,8,3
201,40,3
201,50,3
201,27,3
201,50,3
177,33,2
177,55,2
177,45,2
177,55,2
28,11,3
304,10,2
23,17,2
39,17,3
53,18,3
53,8,3
27,11,2
803,56,3
803,24,3
803,36,3
117,60,3
117,20,2
35,19,3
54,8,3
54,18,3
54,18,2
176,35,3
176,25,3
176,45,2
176,25,2
320,31,3
320,50,2
320,70,2
20,14,3
119,56,3
119,37,2
119,33,2
63,9,3
63,9,3
173,51,3
173,51,3
173,51,3
173,32,3
158,102,2
158,58,2
16,14,3
16,14,3
90,6,3
56,13,3
56,14,2
174,64,3
174,46,3
174,46,3
27,11,3
8,6,3
8,6,3
42,6,3
85,20,3
64,12,3
18,16,3
301,108,2
301,86,2
301,88,2
301,62,1
54,24,3
54,44,3
54,44,2
122,23,2
122,24,2
122,24,2
122,24,2
27,11,3
43,15,3
25,9,3
91,24,2
91,24,2
91,14,2
91,14,2
54,8,3
170,12,3
170,12,2
25,9,3
21,19,3
1055,72,2
1055,62,2
1055,57,2
1055,60,2
25,9,3
92,37,2
66,22,3
66,12,3
66,12,2
28,12,3
28,6,3
28,9,2
28,9,2
111,10,2
111,40,2
111,20,2
138,18,3
138,18,3
138,31,2
675,45,2
675,39,2
675,47,2
25,19,2
10,8,3
15,13,3
133,9,3
133,20,2
10,8,3
190,15,3
190,16,3
302,16,3
302,26,3
78,6,2
78,6,2
1091,76,3
1091,40,2
43,37,3
43,37,3
33,17,3
309,108,2
309,124,2
309,118,2
75,25,3
45,26,3
45,25,3
45,25,2
208,14,2
2164,80,3
2164,80,2
2164,66,2
2164,90,2
22,16,3
12,10,2
362,15,3
52,23,3
183,37,3
183,47,3
183,27,3
183,27,2
213,33,2
213,52,2
213,53,2
213,42,2
696,53,2
38,6,2
38,8,2
38,7,2
110,32,2
110,18,2
110,18,2
110,17,2
39,19,2
39,6,2
24,18,3
22,16,3
5003,71,3
5003,59,2
5003,73,2
5003,63,2
16,14,3
254,59,2
254,65,2
254,61,2
385,48,3
385,40,2
53,33,3
108,12,3
397,69,2
397,70,2
397,49,2
14,12,3
267,22,1
267,134,1
267,42,1
267,44,1
22,16,3
50,18,3
8,6,3
41,11,3
41,11,3
170,18,3
170,12,2
146,58,2
146,36,2
146,36,2
146,56,2
22,16,2
80,16,2
80,28,2
80,16,2
239,12,2
239,23,2
222,54,3
222,64,2
391,28,3
391,44,3
391,28,3
32,17,3
24,18,3
8,6,2
30,14,3
62,29,3
30,14,3
62,29,3
62,29,3
30,14,3
62,29,3
30,14,3
62,29,3
62,29,3
62,29,3
62,29,3
30,14,3
105,34,3
105,34,3
30,23,3
22,16,3
107,12,2
107,12,2
9,7,3
9,7,3
26,8,3
55,14,3
55,24,2
422,80,3
422,78,2
26,10,3
1747,693,3
1747,693,3
433,46,3
433,44,3
433,46,3
433,68,3
16,14,3
16,14,3
414,300,2
148,23,3
148,31,3
148,23,3
148,33,2
82,13,3
82,23,3
103,21,3
103,21,3
964,66,3
964,66,3
964,16,3
964,26,2
22,16,3
781,29,3
781,37,3
781,18,3
781,37,3
14,12,3
64,6,3
64,6,3
64,15,3
89,34,3
89,22,3
115,23,2
115,65,2
375,218,2
24,18,3
407,82,3
407,29,3
407,39,3
407,38,3
106,15,3
7,5,3
84,18,2
84,8,2
84,8,2
198,34,3
198,24,3
138,42,2
138,49,2
138,27,2
138,83,2
10,8,3
155,6,2
155,21,2
205,42,2
210,74,3
31,15,3
82,28,3
82,28,3
82,28,3
50,11,3
50,11,3
22,16,3
103,46,3
103,21,2
22,16,2
4974,58,3
4974,36,3
4974,48,3
4974,50,3
24,18,3
4651,38,3
4651,56,3
216,50,3
216,50,2
216,51,2
1740,80,3
1740,32,2
1740,47,2
241,117,3
241,86,3
241,124,3
140,37,2
105,20,2
105,20,2
105,20,2
1904,103,3
1904,61,3
1904,73,3
1904,115,3
152,20,3
152,65,3
152,20,3
106,44,3
106,13,3
106,30,2
50,11,3
62,22,3
62,12,3
28,12,3
140,29,3
140,26,3
140,16,3
22,16,3
78,17,3
27,17,3
27,21,3
81,12,3
81,16,3
81,32,2
68,12,3
52,29,3
52,29,2
50,26,2
50,6,2
50,37,2
50,51,2
38,18,2
38,6,2
38,28,2
38,18,2
22,16,3
256,37,3
256,38,2
256,38,2
256,14,2
835,657,2
34,12,3
100,18,3
100,8,2
91,12,3
43,12,3
26,20,3
26,20,3
22,16,3
21,15,3
170,10,3
170,10,3
84,20,3
84,52,3
84,10,2
22,16,2
120,58,3
120,36,3
120,79,2
120,48,2
48,18,2
80,31,2
80,31,2
80,14,3
80,36,2
84,38,2
84,14,2
84,16,2
10,8,3
8,6,2
22,16,2
62,11,3
62,21,2
50,1,3
50,15,2
50,6,2
70,6,2
160,18,3
160,38,3
8,6,3
25,9,2
35,16,3
841,47,1
841,36,1
25,9,2
230,31,3
230,21,2
230,11,2
230,11,2
73,55,2
45,17,2
45,17,2
29,13,3
52,12,3
52,11,2
7,5,3
108,37,3
108,16,3
35,5,3
123,26,2
123,26,2
123,46,2
123,16,2
37,19,3
113,8,2
48,18,2
130,16,2
130,60,2
130,60,2
158,55,2
158,38,2
158,23,2
158,48,2
60,32,2
60,17,2
60,21,2
60,21,2
256,219,3
256,41,1
487,90,3
487,48,2
28,12,3
82,28,3
82,28,3
82,28,3
174,67,3
174,75,2
174,62,2
23,17,3
10480,50,3
10480,68,3
48,30,3
174,24,2
174,22,2
174,24,2
33,17,3
100,18,2
100,17,2
82,18,2
82,28,2
82,8,2
25,9,3
30,15,2
27,11,2
23,17,3
23,17,3
23,17,3
23,17,3
23,17,3
23,17,2
23,17,3
183,60,2
183,38,2
183,94,2
183,84,2
142,21,2
142,11,2
152,12,2
152,12,2
152,26,2
210,30,3
210,30,2
210,41,2
408,5,3
408,19,2
408,33,2
408,29,2
7,5,3
115,23,2
115,35,2
115,33,2
36,30,3
140,25,2
140,37,2
140,37,2
36,18,3
31,15,3
24,18,3
89,34,3
22,16,3
730,65,3
730,34,3
730,55,3
730,55,3
72,10,3
72,20,3
37,18,3
78,30,2
78,30,2
78,30,2
1159,39,3
1159,36,2
1159,36,2
1159,35,2
363,163,2
363,146,2
363,156,2
363,172,2
26,10,3
83,16,2
83,30,2
50,10,3
50,10,3
99,45,3
99,16,2
44,10,2
44,10,2
44,10,2
26,20,2
26,10,2
83,14,3
83,12,3
84,20,3
25,9,3
147,24,2
147,24,2
147,24,2
58,36,2
58,6,2
58,24,2
667,34,3
667,55,2
667,48,2
667,48,2
22,16,3
135,22,2
13,11,3
13,11,3
48,38,3
48,24,3
48,38,3
48,24,2
107,40,3
107,40,3
594,84,3
594,59,3
594,75,3
594,75,3
22,16,2
33,18,3
232,17,3
232,17,3
228,98,2
228,24,2
228,66,2
228,74,2
35,1,3
515,26,3
515,15,2
140,22,3
140,16,2
140,28,2
140,22,2
1987,62,3
443,136,3
290,161,3
290,161,3
290,173,3
290,191,3
466,58,2
466,37,2
466,56,2
466,33,2
10,8,2
8,6,3
50,16,2
50,6,2
43,12,2
43,12,2
55,14,3
473,38,2
473,72,2
473,50,2
42,16,2
42,6,2
42,12,2
26,10,2
331,278,2
168,24,3
168,24,3
2230,153,3
2230,72,3
2230,96,2
26,10,3
4630,49,3
4630,39,3
10,8,3
107,24,3
55,14,3
55,24,2
55,14,2
22,16,2
265,79,3
265,59,3
52,12,3
52,11,3
35,15,2
35,6,2
843,62,2
843,115,2
843,71,2
843,105,2
30,24,3
30,8,2
330,9,2
330,24,2
330,18,2
24,18,2
85,10,2
158,12,3
158,22,3
158,54,3
158,53,3
71,12,3
56,14,3
56,14,3
8,6,3
48,18,3
27,11,3
253,48,3
253,48,3
253,9,2
253,9,2
128,62,2
128,42,2
128,36,2
27,11,3
70,28,3
70,28,3
70,8,2
56,12,3
56,22,3
52,46,2
52,32,2
52,32,2
3266,47,3
3266,70,2
25,19,3
10,8,3
5804,136,3
5804,98,2
5804,111,2
5804,62,2
51,33,3
70,16,3
806,63,3
806,29,2
806,50,2
117,23,2
117,34,2
117,24,2
117,34,2
203,18,3
22,16,3
38,22,3
38,22,3
3508,42,3
3508,42,3
3508,25,3
50,10,2
131,14,3
131,24,3
131,24,2
63,38,3
63,28,3
155,45,3
155,35,3
155,25,2
56,14,3
51,11,3
51,11,3
1486,63,1
1486,47,1
1486,59,1
1486,63,1
96,42,3
47,9,3
47,9,3
47,9,2
47,8,2
317,114,2
317,157,2
317,146,2
21,15,2
92,28,2
92,38,2
92,40,2
92,15,2
339,91,2
339,64,2
339,26,2
27,11,3
25,9,3
365,18,2
365,30,2
365,20,2
26,11,3
166,62,2
166,62,2
166,92,2
166,98,2
1929,86,2
1929,86,2
1929,46,2
1929,88,2
28,22,3
114,40,3
114,22,3
114,22,2
40,30,3
40,30,2
9,7,3
9,7,3
26,8,3
306,157,2
306,107,2
585,23,3
585,33,3
8,6,3
52,22,3
52,12,2
231,121,2
231,96,2
50,11,3
40,15,3
40,25,3
25,9,3
22,16,3
25,19,1
25,19,2
39,19,2
39,16,1
39,6,1
374,56,2
374,67,2
374,79,2
24,18,3
89,34,3
206,24,2
206,22,2
206,20,2
206,31,2
14,12,3
77,9,3
77,9,3
8,6,3
155,10,3
155,19,3
155,39,3
155,20,3
32,13,3
32,14,3
82,16,3
82,28,3
82,40,3
7435,5566,3
46,8,3
46,24,3
46,8,3
36,20,3
36,20,3
25,19,3
74,11,3
74,31,2
93,21,2
93,16,2
44,8,3
36,17,3
50,16,3
50,16,3
7,5,3
347,22,2
347,36,2
347,40,2
2343,39,3
2343,43,3
2343,45,3
2343,30,3
136,51,3
136,9,3
136,23,3
71,13,3
71,17,3
402,34,3
402,65,3
402,46,2
154,8,2
154,8,2
154,18,2
22,16,3
35,16,3
35,16,3
35,6,3
56,40,3
22,6,3
63,22,3
63,28,3
13,11,3
74,9,3
74,21,2
74,11,2
74,21,2
48,15,2
216,8,3
975,40,2
43,11,3
43,12,3
35,14,3
143,58,3
143,47,3
735,29,3
735,55,3
735,38,3
735,45,3
79,26,3
79,26,3
79,26,3
295,65,2
295,17,2
295,68,2
295,28,2
168,21,2
168,31,2
168,21,2
38,22,2
38,22,2
38,28,2
52,12,3
52,11,3
27,9,2
170,12,2
63,45,2
63,45,2
63,45,2
117,11,3
188,81,2
188,129,2
188,117,2
45,15,3
26,10,3
238,18,3
238,60,3
238,47,3
238,14,2
1224,50,3
1224,71,3
1224,58,3
1224,24,3
22,16,3
50,10,3
50,11,3
38,19,3
251,74,3
251,40,2
251,40,2
20,14,3
10155,68,3
10155,58,3
10155,69,3
73,10,3
4735,119,3
4735,119,1
4735,119,1
51,23,3
1295,32,3
1295,42,3
1295,12,3
226,44,2
1320,191,3
1320,170,2
369,81,3
369,83,3
369,32,3
6354,91,3
6354,24,3
6354,29,3
2942,74,3
2942,27,3
2942,28,2
2942,118,2
588,30,3
588,44,3
588,39,3
588,16,3
86,11,2
86,12,2
30,10,3
30,10,3
30,10,3
30,10,3
187,16,3
187,20,3
14317,49,2
14317,76,2
14317,64,2
14317,63,2
13,11,3
71,17,3
117,21,3
110,24,3
110,24,3
90,22,3
90,22,3
90,8,3
90,18,3
38,19,3
98,19,3
625,302,3
8,6,3
2032,54,3
2032,46,3
2032,48,3
27,11,3
16,14,3
94,24,3
94,24,3
80,18,3
256,26,3
256,30,3
256,26,3
8,6,3
114,34,3
42,6,3
22,16,3
433,174,2
433,149,2
433,100,2
433,118,1
384,75,1
384,55,1
384,34,1
384,34,1
165,27,1
165,16,1
100,42,3
380,11,3
380,34,3
380,12,3
65,12,3
122,18,3
122,8,3
38,28,3
13,11,2
12,10,3
116,37,3
12,10,3
48,18,3
27,21,3
27,21,3
43,23,3
43,18,3
43,23,3
38,28,3
32,26,3
32,11,3
46,9,3
32,16,3
157,33,3
157,59,3
157,44,3
8,6,3
22,16,3
55,13,2
55,14,2
55,24,2
45,22,3
45,22,3
25,9,3
40,20,3
40,20,3
40,10,2
22,16,3
46,8,2
46,12,2
46,22,2
46,24,2
112,17,1
112,6,2
112,12,2
112,22,2
142,42,3
142,22,2
142,42,2
27,11,3
27,11,3
22,16,3
29,13,3
100,10,3
100,9,3
100,10,3
100,20,3
42,18,3
22,16,3
94,24,3
94,24,3
94,24,3
32,8,3
7,5,3
7,5,3
7,5,3
7,5,3
7,5,3
7,5,3
7,5,3
7,5,3
7,5,3
72,12,3
72,11,3
333,12,3
49,14,3
49,12,3
82,25,3
82,39,3
64,25,3
51,30,3
49,5,2
14,12,3
119,43,2
119,43,2
119,45,2
59,10,3
59,30,3
59,28,3
1817,47,3
1817,47,3
1817,49,3
64,16,3
64,6,3
64,6,2
92,15,3
176,15,3
176,40,2
176,26,2
50,15,3
50,6,3
50,6,3
68,19,3
68,6,3
68,10,3
134,15,3
64,26,3
64,6,3
64,6,3
106,6,3
106,16,3
106,16,3
92,15,3
92,16,3
92,16,3
134,15,3
134,6,3
134,16,3
134,24,2
260,56,3
260,35,3
260,52,2
22,16,2
130,68,2
130,23,2
203,123,2
248,51,2
248,65,2
248,74,2
8,6,2
41,9,3
41,9,2
22,16,2
37,18,2
72,36,2
265,60,2
265,52,2
265,52,2
265,46,2
36,16,2
36,6,2
36,16,2
981,41,3
981,35,3
981,21,2
981,6,2
31,15,2
1884,76,3
1884,89,3
1884,90,3
1884,61,3
72,25,2
72,26,2
15079,91,3
15079,118,3
15079,118,3
15079,76,2
303,24,2
303,22,2
303,28,2
311,41,2
311,10,2
311,6,1
52,24,2
52,11,2
52,11,2
54,8,2
120,44,2
120,24,2
1502,55,2
1502,103,2
1502,83,2
337,43,2
337,41,2
269,139,2
269,151,2
36,16,2
36,16,2
36,12,2
36,16,2
25,9,2
31,15,2
52,12,2
52,12,2
31,15,2
254,196,2
13,11,2
543,42,3
543,55,3
543,54,3
30,14,2
36,16,2
278,34,3
278,32,3
278,34,3
278,26,3
1847,62,2
1847,150,2
547,72,2
547,8,2
547,48,2
547,18,2
68,22,2
7,5,2
50,16,2
50,16,2
80,24,2
80,34,2
80,34,2
1025,57,2
1025,103,2
684,56,2
684,51,2
50,10,2
202,139,2
202,129,2
417,26,2
417,38,2
80,25,2
80,25,2
80,25,2
36,30,2
36,30,2
36,30,2
167,41,2
167,26,2
167,20,2
167,47,2
27,12,2
76,8,2
7,5,2
7,5,2
7,5,2
24,18,2
32,15,2
1132,205,2
1132,242,2
1132,97,2
1132,137,2
2760,128,2
2760,173,1
8,6,2
117,22,2
117,28,2
117,19,2
117,19,2
131,26,2
32,26,3
32,11,2
32,11,2
488,22,2
488,12,2
488,32,2
488,50,2
42,1,2
42,17,2
42,11,2
30,14,3
42,17,2
42,11,2
30,14,2
42,22,2
42,11,2
42,11,2
88,6,2
88,30,2
88,20,2
42,17,2
42,42,2
30,14,3
30,14,3
42,11,3
27,11,2
31,15,2
19,17,2
8,6,2
36,16,2
1178,26,3
1178,14,3
1178,28,3
13,11,3
31,15,2
27,11,2
42,22,2
42,12,2
240,186,2
644,454,2
1091,26,3
1091,36,3
1091,36,3
1091,18,3
144,33,1
144,34,1
36,20,2
47,16,2
152,36,2
152,56,2
152,16,2
152,25,2
299,46,3
299,20,2
130,40,2
130,42,2
25,9,2
61,31,2
75,6,2
75,31,2
75,16,2
166,32,2
166,60,2
513,41,2
513,32,2
513,51,2
52,38,2
52,16,2
36,16,2
36,16,2
124,38,2
124,47,2
124,16,2
124,59,2
46,9,2
46,8,2
7,5,2
52,28,2
52,24,2
62,19,2
48,12,2
63,19,2
63,6,2
36,6,2
36,6,2
251,29,3
251,39,3
251,16,3
251,42,3
7,5,3
1302,20,3
1302,81,3
1302,68,3
1302,71,3
164,55,2
164,23,2
22,16,2
27,11,2
301,47,1
301,47,2
36,30,2
36,30,2
22,16,2
201,28,2
201,30,2
652,32,2
652,18,2
652,35,2
6439,276,2
6439,408,2
6439,272,2
1534,75,2
56,12,2
56,12,2
58,30,2
58,30,2
55,12,2
55,12,2
93,16,2
93,16,2
93,30,2
147,6,3
147,16,2
436,18,2
436,18,2
436,29,2
436,39,2
147,6,2
147,6,2
21,19,2
4576,32,2
4576,49,2
4576,80,2
340,24,2
340,32,2
340,60,1
340,37,1
75,26,3
36,16,2
36,16,2
754,34,2
754,24,2
68,20,2
68,6,2
68,32,2
68,20,2
113,9,2
113,21,2
24,18,2
418,74,2
418,63,2
418,110,2
46,12,2
46,12,2
138,15,3
138,16,3
66,6,3
66,28,3
66,15,3
126,37,3
126,15,3
126,6,3
138,18,3
138,5,3
138,27,3
138,15,3
94,6,3
94,16,3
94,25,3
56,5,3
56,15,3
66,6,3
66,15,3
49,12,2
695,54,3
695,128,3
695,106,3
56,6,2
56,16,2
17,15,2
532,45,2
532,68,2
532,21,2
532,15,2
89,18,2
25,9,2
10,8,2
10,8,2
84,14,2
84,24,2
26,10,2
11,9,2
52,12,2
52,22,2
22,16,2
230,40,2
230,44,2
230,28,2
51,12,2
51,12,2
22,16,2
50,6,2
50,6,2
50,6,2
162,36,2
162,26,2
162,16,2
162,36,2
162,26,2
259,36,2
259,26,2
92,16,2
92,6,2
36,16,2
36,15,2
36,25,2
78,16,2
77,16,3
96,10,2
96,20,2
96,28,2
96,20,2
7090,340,2
7090,170,2
1633,1042,1
54,18,2
54,8,2
496,92,3
496,42,3
22,16,2
24,18,2
500,52,3
500,16,3
70,12,2
70,26,2
124,18,2
124,18,2
33,26,2
33,26,2
24,18,2
348,16,3
348,38,3
348,39,2
1850,32,3
1850,33,3
38,18,2
333,59,3
333,59,3
333,51,2
31,8,3
274,55,2
274,61,2
274,52,2
274,48,2
25,19,2
28,12,2
68,28,2
68,8,2
42,8,2
14,12,2
32,16,3
232,9,2
232,21,2
232,44,2
84,54,2
84,31,2
261,155,3
261,129,1
207,8,3
207,24,2
207,24,2
6994,406,3
6994,436,2
1534,926,2
8,6,2
116,22,2
116,22,2
173,17,2
173,32,2
465,166,2
465,166,2
236,56,2
236,54,2
236,44,2
236,86,2
173,41,3
173,41,3
849,95,3
849,95,3
849,56,2
849,117,2
139,39,2
139,27,2
139,35,2
294,44,2
294,50,2
24,18,3
13,11,2
303,8,2
341,32,3
341,56,3
341,70,3
52,8,2
52,7,2
152,26,2
152,40,2
152,8,2
50,14,2
22,16,3
58,20,2
58,6,2
58,5,2
333,43,3
333,43,2
333,22,2
8,6,2
24,18,2
81,19,2
81,6,2
302,62,2
302,90,2
302,42,2
68,12,3
68,22,2
25970,63,3
25970,54,3
25970,64,3
25970,44,1
64,12,2
64,11,2
111,14,3
111,24,1
63,20,2
35,17,2
308,89,1
308,119,1
308,87,1
28,12,2
98,9,2
122,22,2
122,12,2
122,28,2
122,12,2
86,17,2
86,8,2
1301,33,2
12,10,2
36,6,2
36,6,2
29,14,3
50,16,2
50,16,2
166,66,2
166,60,2
166,68,2
166,66,2
123,28,2
123,38,2
123,28,2
123,28,2
36,6,2
7,5,2
194,8,2
194,8,2
25,9,2
504,22,3
284,29,2
84,22,2
84,30,2
84,18,2
990,36,2
990,42,2
990,42,2
973,67,2
973,84,2
973,66,2
11,9,2
185,38,2
185,39,2
185,28,2
185,28,2
30,24,3
30,24,2
78,18,2
78,7,2
78,32,2
177,33,2
177,56,2
177,55,2
201,39,2
201,40,2
201,50,2
201,50,2
16,14,3
8,6,2
42,10,2
830,102,2
830,86,2
31,15,2
143,14,2
143,22,2
925,54,2
104,36,2
338,58,2
338,68,2
338,22,2
338,28,2
52,8,2
5378,62,3
5378,60,3
5378,66,3
5378,52,3
56,14,2
91,8,2
510,35,2
510,14,2
510,14,2
2641,63,3
2641,40,1
2641,54,1
2641,30,1
579,325,2
95,7,3
66,12,2
8,6,2
28,11,2
28,12,2
83,9,2
83,29,2
83,9,2
542,26,2
542,10,2
542,48,2
172,24,3
172,22,3
172,20,2
28,22,2
28,22,2
38,19,2
139,23,2
139,39,2
67,37,2
691,42,3
691,31,3
11,9,1
26,11,2
77,10,3
77,32,2
77,20,2
77,20,2
201,33,3
201,9,2
124,31,2
124,47,2
124,45,2
124,21,2
108,33,2
108,44,2
108,44,2
58,34,2
58,34,2
82,15,2
82,12,2
82,17,2
22,16,2
105,15,2
105,12,2
105,15,2
30,14,3
12,10,3
1028,77,3
1028,32,2
1028,57,2
38,22,2
38,14,2
174,22,3
174,24,3
174,22,2
218,15,2
218,6,1
134,15,3
148,15,2
148,27,1
127,16,3
50,16,2
50,16,2
50,14,2
25,9,2
704,58,2
704,31,2
704,28,2
704,26,2
31,15,2
174,15,3
174,5,3
174,38,3
347,28,3
347,61,3
347,38,3
39,20,3
23,21,2
8,1,3
8,1,2
250,30,2
250,50,2
250,35,2
250,50,2
1131,62,3
1131,14,3
59,15,2
59,25,2
59,15,2
90,19,3
25,9,2
1456,71,2
1456,71,2
1456,50,2
51,22,2
51,20,2
13,11,2
16,14,2
506,46,3
506,36,3
202,16,3
202,36,2
202,35,2
656,36,2
656,42,2
656,36,2
656,46,2
72,8,2
72,12,2
72,12,2
7,5,2
408,78,3
408,34,3
95,1,3
95,6,3
95,15,1
2505,32,3
2505,40,3
72,20,2
72,12,2
72,24,2
68,12,2
68,12,2
100,32,2
100,32,2
54,24,2
54,44,2
23,17,3
23,17,3
72,10,2
72,20,2
60,32,2
50,16,2
50,16,2
50,16,2
7,5,2
31,15,2
64,1,3
75,26,3
1514,74,3
1514,65,3
1514,75,3
1514,102,3
486,51,3
486,74,2
486,61,2
486,52,2
180,15,3
180,5,3
226,19,3
226,20,3
106,11,3
106,27,3
106,15,3
92,15,2
92,16,2
218,15,3
180,19,3
180,15,3
163,28,2
163,70,2
163,74,2
86,42,2
124,32,2
109,16,3
109,36,3
109,15,3
50,36,2
50,26,2
500,315,2
110,22,2
110,22,2
110,42,2
32,26,2
32,26,2
38,18,2
66,16,2
66,6,2
66,16,2
34,6,2
34,6,2
40,19,2
40,20,2
40,8,2
63,15,2
64,15,2
64,16,2
125,15,1
125,15,2
63,15,2
63,16,2
63,15,2
63,15,2
63,16,2
64,28,2
64,6,2
64,6,2
63,15,2
63,16,2
63,16,2
15,13,2
69,14,2
69,13,2
73,14,2
73,14,2
2643,172,2
28,12,2
25,9,2
30,14,2
30,14,2
7,5,2
27,11,2
94,24,2
94,24,2
94,24,2
141,21,3
141,31,3
141,11,3
141,15,2
34,18,1
7,5,2
38,19,2
84,9,2
84,6,2
39,20,2
39,20,2
25,9,2
442,67,2
442,43,2
442,77,2
442,63,2
50,13,2
22,16,2
22,16,2
543,44,2
543,54,2
543,48,2
543,33,2
232,12,2
232,12,2
232,34,2
232,30,2
83,36,2
83,21,2
83,11,2
262,27,3
262,27,3
262,27,3
36,16,2
36,16,2
36,16,2
22,16,2
74,36,3
74,21,3
357,68,2
357,144,2
357,36,2
357,48,2
23,17,2
151,21,2
151,23,2
119,44,3
119,22,3
119,12,3
895,34,3
895,49,2
895,20,2
895,22,2
239,34,2
239,32,2
406,57,2
406,34,2
406,54,2
406,33,2
66,12,2
66,12,2
7,5,2
2223,37,3
1157,55,2
1157,35,2
486,39,3
486,18,3
486,48,3
25,19,2
2321,99,2
2321,74,2
2321,37,2
10,8,2
280,8,2
280,25,2
280,28,2
835,43,3
835,54,3
835,66,2
835,33,2
374,40,3
374,49,3
374,11,2
374,30,2
121,91,2
15,13,2
102,24,2
102,14,2
94,19,2
94,19,2
32,26,2
32,26,2
177,117,2
177,85,2
177,131,2
945,127,2
945,44,2
945,137,2
37,19,2
170,20,2
170,38,2
170,36,2
170,52,2
20,14,2
31,15,2
31,15,2
50,11,2
50,11,2
340,64,2
340,39,2
340,39,2
28,22,2
28,22,2
282,45,2
282,40,2
282,39,2
282,66,2
9,7,2
67,7,2
115,36,2
115,50,2
27,10,2
1062,130,2
1062,169,2
1062,119,2
158,48,2
158,74,2
22,16,2
22,16,3
438,68,2
438,72,2
438,52,2
438,52,2
772,85,2
152,21,2
152,31,2
152,31,2
152,31,2
111,24,2
40,5,2
62,6,2
62,28,2
62,12,2
1074,23,2
1074,55,2
776,24,2
776,62,2
43,10,2
43,10,2
119,24,2
119,24,2
92,26,2
92,26,2
1556,94,3
1556,69,3
1556,115,3
1556,98,3
388,92,2
388,36,2
388,56,2
78,15,2
78,25,2
850,41,2
850,30,2
850,42,2
850,12,2
22,16,2
769,377,3
769,382,2
279,54,2
190,64,2
121,23,3
121,23,2
64,16,3
64,6,2
204,15,3
63,21,2
63,21,2
377,42,2
377,42,2
56,12,2
56,12,2
44,10,2
112,54,2
68,32,2
68,22,2
68,32,2
68,24,2
96,12,2
96,58,2
96,12,2
50,26,2
50,16,2
50,26,2
36,16,2
36,16,2
36,6,2
36,6,2
36,6,2
22,16,2
22,16,2
36,6,2
36,6,2
36,1,2
35,15,2
35,15,2
22,16,2
1493,10,3
1493,8,3
36,29,2
36,12,2
36,23,2
24,18,2
25,9,2
66,24,2
66,14,2
28,11,2
28,12,2
168,21,2
168,21,2
168,20,2
33,17,2
32,26,2
22,16,2
26,10,2
26,10,2
303,22,2
303,22,2
303,36,2
25,10,2
12,10,2
27,11,2
96,8,2
96,27,2
96,8,2
815,70,2
815,88,2
815,78,2
815,89,2
824,386,1
824,398,1
15,13,2
97,14,2
97,24,2
97,24,2
52,30,2
52,18,2
52,6,2
52,16,2
50,14,2
50,16,2
50,16,2
50,16,2
1173,50,1
1173,57,1
1173,63,1
1173,51,1
22,16,2
79,6,2
79,16,2
777,42,2
777,42,2
777,40,2
777,47,2
46,1,2
46,11,2
22,16,2
2245,58,2
42,16,2
46,19,2
46,9,2
25,19,2
34,12,2
34,1,2
34,12,2
34,12,2
34,28,2
131,21,2
131,31,2
131,20,2
131,12,2
22,16,2
95,23,2
1553,57,3
1553,65,1
1553,62,1
26,1,2
26,20,2
240,76,2
240,60,2
240,61,2
240,113,2
29,23,2
29,13,2
29,23,2
62,12,2
73,8,2
73,20,2
58,16,2
58,6,2
58,24,2
58,16,2
226,16,2
226,28,2
7,5,2
7,5,2
293,25,2
293,38,2
564,58,2
564,27,2
564,16,2
1309,20,2
1309,123,2
25,19,2
80,24,2
80,25,2
80,56,2
96,6,2
105,57,2
105,57,2
367,34,2
367,24,2
367,34,2
367,104,2
22,16,2
72,24,2
72,27,2
72,25,2
72,27,2
22,16,2
145,32,2
57,6,2
57,13,2
57,17,2
57,9,2
7,5,2
58,24,2
24,18,2
146,72,2
146,24,2
146,34,2
146,44,2
288,52,2
288,10,2
288,10,2
288,30,2
1072,23,2
1072,48,2
116,13,2
184,22,2
184,13,2
184,5,2
184,36,2
120,13,2
120,31,2
120,37,2
132,15,2
132,39,2
120,13,2
120,31,2
140,22,3
140,16,2
140,22,2
835,32,2
835,88,2
107,31,3
107,52,3
107,81,2
54,8,2
297,44,2
297,26,1
115,35,2
115,35,2
115,35,2
188,129,1
188,101,1
188,95,1
1962,124,2
26,6,3
8,6,2
60,6,2
60,6,2
121,23,3
121,23,2
121,33,2
98,17,2
98,8,2
27,11,2
58,5,2
124,28,2
124,20,2
124,10,2
262,71,3
262,71,3
262,71,3
74,18,2
74,28,2
74,28,2
310,42,2
310,44,2
310,52,2
310,63,2
182,58,3
25,9,2
70,6,2
70,22,2
70,6,2
1116,59,3
1116,94,2
1116,106,2
1116,83,2
27,11,2
80,25,3
80,25,3
51,17,2
51,21,2
51,17,2
124,15,2
124,15,2
354,262,2
28,9,2
28,22,2
26,10,2
26,10,2
22,6,2
22,16,3
64,15,2
64,16,2
64,19,2
64,5,2
303,189,2
303,151,2
166,68,2
166,78,2
37,19,2
28,9,2
28,9,2
28,9,2
29,10,2
52,22,3
52,12,3
52,12,3
48,16,3
48,29,3
48,15,2
48,16,2
50,17,2
50,18,2
50,17,2
22,16,2
8,6,1
46,16,2
58,34,2
58,32,2
58,12,2
178,116,2
109,14,2
178,10,2
178,29,2
178,39,2
39,10,3
39,19,2
44,10,3
25,9,2
264,58,2
264,49,2
264,35,2
264,57,2
7,5,2
174,22,3
174,24,3
50,11,2
50,11,2
58,10,2
24,18,2
522,22,2
522,24,2
195,81,2
195,52,2
195,43,2
288,20,2
288,39,2
288,40,2
288,39,2
288,20,2
1296,75,2
1296,59,2
24,18,2
317,143,1
317,114,1
111,25,1
13,11,3
1408,66,3
1408,43,3
1408,43,3
1408,23,3
632,43,3
632,32,2
632,32,2
262,51,2
262,48,2
262,40,2
262,38,2
103,11,3
33,12,3
75,24,2
75,24,2
75,24,2
122,15,3
122,17,2
345,12,2
166,64,3
166,64,3
188,8,2
188,8,2
188,31,2
106,16,2
134,26,3
134,26,2
134,22,2
104,22,3
36,26,3
36,26,2
184,28,2
25,9,2
31,15,2
34,18,2
22,16,3
202,58,2
202,83,2
12,10,2
159,35,2
159,6,2
159,20,2
232,20,2
232,21,2
232,25,2
197,78,2
197,122,2
197,104,2
94,18,2
94,18,2
94,24,2
94,18,2
364,35,3
364,34,3
55,13,3
55,14,3
185,18,2
185,17,2
185,32,2
100,42,2
35,17,2
157,15,3
157,15,3
157,15,3
176,5,3
176,15,3
176,16,3
176,26,2
36,16,2
50,16,2
31,15,2
244,81,2
244,109,2
244,108,2
244,25,2
106,11,2
106,12,2
54,19,3
3008,58,2
3008,38,2
3008,38,2
3008,48,2
10,8,2
10,8,2
48,18,2
25,9,2
22,16,3
25,9,3
25,9,3
25,9,3
25,9,2
25,9,3
25,9,3
650,10,2
650,10,2
204,31,2
204,55,2
204,30,2
204,33,2
37,19,2
172,28,2
180,107,3
180,116,3
8,6,3
52,12,2
52,11,2
31,15,2
32,16,2
32,16,2
703,97,2
703,70,2
703,69,2
703,59,2
24,18,2
38,23,2
37,18,2
268,19,3
268,34,3
82,6,3
82,20,2
27,9,2
27,8,2
690,50,3
690,59,3
690,39,3
13,11,2
333,23,3
333,22,3
333,56,3
333,58,3
42,22,3
42,22,3
42,8,2
50,11,2
50,21,2
802,46,3
802,16,3
802,26,3
64,6,3
36,30,2
36,12,2
36,30,2
181,22,2
181,10,2
120,26,2
135,24,2
135,22,2
29,27,2
115,62,2
115,24,2
115,46,2
62,34,3
62,24,2
62,24,2
60,1,2
284,16,1
284,15,1
284,26,1
578,38,2
578,27,2
578,48,2
25,9,2
10,8,3
26,10,2
26,10,2
7,5,2
18,16,2
19,17,2
102,6,2
40,19,3
36,15,2
22,16,2
86,11,2
44,8,2
44,8,2
33,17,2
728,17,1
728,37,1
15,13,2
97,13,2
50,16,2
50,16,2
50,16,2
50,16,2
114,11,2
114,10,2
87,34,2
87,19,2
32,16,2
16,14,2
78,15,2
174,24,2
174,22,2
2488,1776,3
86,13,2
86,15,2
38,32,2
38,28,2
58,5,2
58,20,2
58,5,2
39,6,2
39,18,2
24,18,2
26,10,2
12,10,2
12,10,2
122,34,2
122,34,2
122,34,2
72,5,2
8,6,2
22,16,2
90,22,2
90,22,2
168,41,2
168,59,2
168,55,2
52,46,2
52,32,2
45,6,2
72,16,3
334,57,3
334,47,3
334,35,3
334,57,3
141,51,2
141,19,2
141,30,2
1303,80,3
1303,61,3
1303,53,3
328,9,3
328,11,3
328,11,3
1046,49,3
1046,49,3
1046,49,2
1046,37,2
36,16,2
124,22,2
124,21,2
202,97,2
202,89,2
202,90,1
946,43,2
946,43,2
946,33,2
946,42,2
52,20,3
25,9,2
144,55,2
144,55,2
144,55,2
339,53,2
14,12,2
49,11,2
49,21,2
49,20,2
43,13,2
180,32,2
180,21,2
180,20,2
50,11,2
676,30,3
676,30,3
80,24,3
49,14,2
49,12,2
88,11,2
1179,123,3
1179,122,3
1179,122,3
1179,99,2
65,11,2
65,11,2
160,44,3
160,44,3
160,44,3
27,11,2
38,19,2
17,15,3
36,6,3
94,16,2
94,6,2
94,27,2
111,26,2
111,36,2
316,36,2
316,47,2
316,57,2
36,6,2
80,16,3
80,6,3
80,27,2
36,17,2
36,6,2
123,27,3
123,37,3
123,16,3
98,19,2
98,9,2
98,19,2
46,9,2
46,19,2
46,6,2
25,9,2
78,6,2
78,6,2
37,19,3
10,8,3
14,12,2
55,16,2
55,6,2
39,19,2
39,19,2
1276,55,3
1276,41,3
1276,41,3
1276,55,3
116,36,2
116,14,2
116,28,2
24,18,2
8,6,2
22,16,2
195,44,2
10,8,2
690,59,2
690,43,2
690,59,2
690,59,2
36,27,2
36,26,2
36,26,2
22,16,2
340,46,2
340,62,2
340,30,2
340,42,2
69,21,2
69,20,2
32,16,2
22,16,3
25,9,3
211,26,3
211,26,3
73,12,2
43,12,2
43,12,2
43,22,2
381,51,2
381,36,2
381,51,2
82,11,3
82,12,3
96,35,2
22,16,3
616,92,2
616,48,2
616,16,2
159,11,2
22,16,2
865,30,3
865,30,2
865,32,2
544,406,3
24,18,2
143,6,2
78,25,2
78,15,2
336,48,2
336,48,2
336,39,2
336,49,2
52,12,2
52,22,2
52,11,2
244,91,2
244,59,2
244,69,2
128,22,2
128,26,2
18,16,3
120,40,2
22,16,3
13,11,2
40,5,2
38,8,3
34,16,2
54,44,3
54,34,2
22,16,2
341,48,2
341,52,2
341,36,2
341,38,2
75,20,2
75,15,2
75,28,2
75,13,2
8,6,2
67,34,3
67,24,2
67,24,2
56,14,2
152,26,3
152,25,3
49,20,3
49,20,2
72,10,2
72,24,2
132,15,2
110,16,2
110,33,2
110,34,2
110,55,2
135,24,2
135,22,2
66,32,2
66,32,2
138,16,2
138,16,1
138,6,1
350,36,2
350,26,2
49,6,3
49,6,2
106,8,3
106,20,2
84,19,2
84,9,2
84,19,2
36,16,2
315,98,2
315,177,2
315,100,2
62,12,2
116,24,2
116,24,2
116,45,2
1018,36,2
803,56,2
803,57,2
803,36,2
803,36,2
13155,74,3
13155,63,3
13155,12,3
13155,73,3
43,24,2
43,24,2
28,22,2
28,22,2
21,15,3
22,16,2
202,29,3
202,19,3
202,82,2
68,12,2
68,11,2
50,26,2
50,15,2
50,16,2
50,16,2
238,26,2
28,12,3
63,12,2
28,12,2
230,16,2
230,42,2
230,40,2
230,25,2
566,55,3
566,55,3
566,74,3
566,28,3
61,29,2
61,29,2
49,26,2
49,26,1
49,6,1
78,1,1
78,6,1
125,16,2
49,26,2
49,26,2
12,10,2
176,12,2
29,13,2
34,16,2
467,171,2
467,134,2
138,8,2
138,8,2
182,40,3
182,40,3
42,36,2
204,56,3
204,36,2
204,56,2
2414,63,3
2414,99,2
2414,43,2
52,22,2
52,22,2
8,6,2
1,1,3
8,6,3
49,30,2
31,18,2
51,8,2
51,8,2
139,19,2
139,31,2
94,19,2
111,42,1
111,25,1
38,5,2
50,6,2
50,5,2
299,22,2
299,41,2
299,41,2
152,44,2
152,37,2
152,55,2
887,58,2
887,47,2
887,58,2
887,27,1
2662,16,2
2662,27,2
2662,27,2
2662,16,2
42,22,2
42,1,2
42,6,2
27,11,3
320,12,2
320,18,2
320,28,2
320,8,2
49,12,2
132,38,2
132,50,2
181,38,2
513,52,2
513,32,2
513,72,2
513,68,2
414,63,2
414,71,2
414,71,2
414,36,2
44,19,3
56,13,3
56,14,3
174,17,3
174,29,1
174,19,1
22,16,2
96,16,2
96,19,2
96,16,2
36,17,2
36,17,2
52,11,2
52,12,2
56,14,2
56,14,2
76,14,2
854,45,1
15,11,3
171,30,2
194,68,2
206,33,3
206,43,3
67,24,2
67,24,2
67,34,2
832,48,2
832,29,2
832,38,2
832,37,2
110,16,2
52,12,2
52,22,2
34,19,2
90,47,2
90,60,2
90,25,2
90,24,2
49,11,3
49,10,2
38,8,2
38,19,2
55,22,2
118,19,2
118,29,2
118,19,2
98,36,2
98,36,2
96,21,2
626,149,2
294,42,2
294,42,2
204,13,3
135,24,2
135,22,2
827,17,2
827,379,2
827,93,2
708,26,2
708,359,2
80,12,2
80,22,2
80,6,2
99,44,2
99,72,2
99,74,2
99,16,2
109,50,2
109,50,2
56,22,2
56,6,2
36,16,2
36,16,2
36,16,2
29,13,2
44,10,2
44,24,2
626,30,2
626,44,2
626,40,2
258,13,2
258,48,2
258,18,2
258,16,2
244,13,2
244,18,2
191,25,2
25,9,2
102,69,2
102,73,2
102,73,2
30,12,2
30,24,2
30,12,2
44,18,2
86,14,2
86,18,2
30,24,2
30,24,2
57,6,2
57,23,2
109,44,2
109,24,2
61,28,3
61,27,3
61,6,2
8,6,3
41,9,3
68,28,2
68,8,2
22,16,2
24,18,2
22,16,2
640,18,2
640,50,2
640,51,2
452,10,2
452,7,2
244,31,2
244,21,2
23,21,2
184,43,2
184,62,2
184,18,2
184,70,2
314,52,2
314,30,2
314,40,2
314,40,2
22,16,2
181,33,2
381,20,2
381,36,2
56,31,2
56,17,2
94,24,3
94,34,3
77,12,2
24,18,2
169,17,2
28,8,2
54,8,2
54,18,2
12,10,2
1775,41,3
1775,47,3
1775,45,3
1775,54,1
36,24,2
36,24,2
36,12,2
36,24,2
906,340,3
906,121,3
906,109,2
851,323,2
6435,141,2
14,12,2
41,8,2
41,18,2
7,5,3
7,5,2
124,21,3
303,46,3
303,48,3
66,32,2
7,5,2
1465,19,3
1465,67,2
764,16,2
329,16,3
329,31,2
329,20,3
329,30,3
329,16,3
329,31,2
54,8,2
54,8,2
16,14,2
9510,141,2
208,18,2
208,20,2
208,39,2
220,40,2
220,38,2
220,36,2
220,22,2
1533,16,3
1533,16,3
24,18,2
24,18,2
10544,116,3
10544,138,3
10544,118,2
10544,118,2
479,72,2
479,71,2
366,140,2
366,132,2
25,9,2
93,26,2
93,38,2
112,17,2
112,18,2
112,43,2
28,12,2
28,22,2
39,33,2
39,33,2
42,12,3
89,12,2
89,22,2
7,5,2
84,8,2
53,27,2
53,6,2
53,37,2
119,27,3
119,27,3
303,48,3
303,48,3
303,22,2
130,5,2
143,32,3
143,44,2
143,33,2
126,40,2
126,40,2
40,8,2
1877,95,3
1877,25,2
1877,49,2
1877,65,2
282,42,2
282,42,2
49,18,2
88,18,2
68,36,2
68,44,2
211,49,3
211,29,2
78,15,2
50,15,2
50,15,2
1691,73,2
1691,73,2
1691,41,1
363,54,2
363,34,2
363,54,2
112,6,3
112,18,2
58,14,2
37,30,2
37,11,2
37,30,2
314,70,2
314,66,2
314,19,2
3606,52,3
3606,53,3
3606,56,2
82,10,3
769,56,2
769,60,2
769,60,2
721,32,2
721,59,2
721,46,2
721,37,2
463,49,2
463,59,2
463,59,2
463,59,2
185,8,2
185,46,2
185,36,2
185,113,2
56,18,2
22,16,2
71,6,2
71,23,2
22,16,2
344,81,2
344,87,2
344,61,2
26,10,2
78,15,2
78,16,2
78,6,2
78,28,2
160,16,2
160,26,2
160,36,2
6695,50,2
12,10,2
12,10,2
24,18,2
58,24,2
58,6,2
58,36,2
11,9,2
67,12,2
320,66,2
320,54,2
320,54,2
304,48,2
304,49,2
304,36,2
87,18,2
32,16,2
32,16,2
32,16,2
511,152,3
511,108,2
511,102,2
437,20,2
113,15,2
239,29,3
239,44,3
239,43,3
279,41,3
279,148,3
279,83,3
32,10,2
13,11,2
4669,55,3
4669,70,3
4669,80,2
204,33,2
204,31,2
204,61,2
50,16,2
50,16,2
50,6,2
55,14,2
44,24,2
142,44,2
142,34,2
142,44,2
62,16,2
62,39,2
10,8,2
53,16,2
53,6,2
70,20,2
8,6,2
22,16,2
1263,110,3
1263,99,3
88,29,2
88,28,1
88,27,1
151,21,2
38,7,2
38,18,2
131,21,2
131,21,2
131,26,2
131,19,2
464,43,2
464,46,2
464,43,2
28,6,2
28,12,2
12,10,2
8,6,2
8,6,2
40,5,2
40,10,2
8,6,3
8,6,2
8,6,2
8,6,2
36,6,2
22,16,2
1963,98,2
1963,100,2
1963,81,2
9,7,2
1,1,2
1,1,2
56,12,2
228,30,2
228,28,2
55,10,2
28,22,2
28,12,2
28,12,2
38,18,2
38,28,2
38,8,2
24,18,2
146,34,2
146,67,2
146,19,2
24,18,3
163,64,2
163,27,2
163,74,2
53,6,2
60,21,2
60,11,2
154,53,2
154,33,2
154,53,2
154,53,2
197,51,2
86,16,2
86,17,2
327,151,2
327,116,2
1140,52,3
1140,60,3
1140,48,3
8,6,2
50,11,1
50,11,1
580,116,2
580,98,2
580,38,2
580,96,2
183,43,2
183,42,2
437,34,3
437,46,2
437,47,2
410,78,2
44,34,2
44,34,2
44,21,2
36,18,2
36,18,2
317,54,3
317,26,3
317,54,3
7,5,2
41,25,2
10,8,2
37,18,2
37,18,2
50,11,2
50,10,2
160,12,2
160,22,2
50,16,2
36,16,2
36,26,2
36,6,2
36,16,2
37,17,2
31,15,2
68,5,2
68,6,2
90,22,2
90,22,2
90,9,2
183,9,2
183,22,2
29,13,2
101,6,3
3240,30,2
3240,47,2
241,161,2
259,34,2
259,145,2
7,5,2
1200,86,3
1200,41,3
1200,98,3
1200,38,2
22,16,3
22,6,2
199,43,2
199,36,2
31,16,2
92,6,2
92,6,2
149,17,3
149,16,2
149,17,2
64,16,2
64,6,2
25,9,2
14,12,2
16,14,2
16,14,2
104,31,2
104,31,2
104,30,2
750,285,2
750,303,2
1856,96,2
1856,67,2
1856,59,2
1856,38,2
1163,44,2
1163,106,2
1163,115,2
1163,76,2
1477,369,3
1477,79,2
1477,75,2
1477,79,2
62,34,2
62,24,2
60,6,2
24,18,2
23,17,2
53,11,2
53,13,2
53,12,2
58,20,2
58,10,2
126,66,2
126,78,2
126,36,2
65,36,2
65,16,2
65,36,2
65,26,2
50,16,2
50,16,2
50,16,2
22,16,2
11,9,2
64,11,2
64,12,2
211,145,2
211,6,2
211,16,2
211,84,1
350,71,3
350,124,3
350,147,3
6563,64,3
6563,58,3
6563,64,3
6563,54,3
55,37,2
55,37,2
15,13,2
11,9,2
318,22,2
318,26,2
318,45,1
3307,89,3
52,12,2
52,11,2
22,16,3
140,52,2
140,34,2
22,16,1
35,6,2
35,7,2
291,41,3
291,85,3
291,84,3
291,21,3
25,9,3
252,22,3
252,17,3
252,18,3
170,8,2
54,25,3
54,11,2
192,67,2
192,130,2
24,18,3
1037,52,3
1037,36,2
1037,31,2
37,6,2
37,17,2
691,90,3
691,76,3
691,42,3
691,72,2
18,16,2
132,46,2
132,25,2
132,26,2
144,16,3
144,36,3
13,11,2
112,25,2
112,34,2
112,51,2
112,56,2
24,18,2
52,22,2
52,16,2
52,22,2
36,26,3
50,6,2
50,16,2
50,16,2
50,16,2
8,6,3
22,6,2
39,19,2
7,5,2
20,14,2
1526,16,3
1526,18,3
1526,20,3
63,6,2
90,19,2
29,13,2
22,16,3
64,15,3
64,15,3
22,16,3
136,42,2
136,42,2
136,42,2
64,16,3
64,43,2
64,6,2
36,6,2
36,6,2
30,14,3
24,18,2
221,16,2
221,55,2
221,84,2
221,44,2
82,18,2
82,18,2
82,28,2
82,17,2
28,12,2
2208,69,3
2208,65,3
64,22,2
64,11,2
96,27,3
39,33,3
39,14,2
24,18,2
40,34,2
40,18,2
40,12,2
53,43,2
338,144,2
1234,14,3
25,9,3
94,24,2
94,23,2
94,24,2
816,54,3
816,33,3
816,55,2
816,36,2
95,6,2
95,6,2
22,16,3
70,14,3
33,17,3
8,6,2
8,6,2
78,6,2
78,6,2
78,16,2
8,6,2
8,6,2
8,6,2
8,6,2
8,6,2
8,6,2
1094,351,3
10847,62,1
8,6,3
90,9,3
90,9,2
90,22,2
90,32,2
90,22,2
90,9,2
410,43,2
410,52,2
410,84,2
410,84,2
57,24,2
57,6,2
56,14,2
56,13,2
136,20,2
51,12,2
114,34,3
52,12,2
52,11,2
240,160,2
240,139,2
107,19,2
78,16,2
78,28,2
73,33,2
73,6,2
35,12,3
35,13,3
30,24,2
102,14,3
26,10,2
52,17,2
52,7,2
52,17,2
64,11,2
64,12,2
92,36,2
92,39,2
92,26,2
92,16,2
303,48,2
303,22,2
303,50,2
303,48,2
62,22,2
62,22,2
28,12,3
59,22,3
59,14,2
74,21,3
74,25,3
74,25,3
25,9,3
103,35,3
103,26,3
40,6,3
40,16,2
114,32,3
114,32,2
114,44,2
63,18,3
63,18,2
91,32,3
91,14,3
137,14,3
137,42,2
137,24,2
154,62,2
154,60,2
154,88,2
110,6,2
110,16,2
56,8,3
40,8,3
40,20,3
87,17,3
87,8,3
62,22,3
62,22,3
8,6,3
18,16,2
38,18,2
38,22,2
24,18,3
98,25,3
98,10,2
44,34,2
44,34,2
44,34,2
36,21,2
351,47,2
351,47,2
130,68,2
130,23,2
22,16,3
42,21,2
27,11,2
37,19,3
125,6,3
125,6,3
839,62,3
839,24,3
839,52,3
839,46,3
76,6,2
76,15,2
76,16,2
76,42,2
60,6,2
26,10,2
144,8,2
144,24,2
22,16,2
651,262,3
651,304,3
5351,59,3
5351,47,3
5351,59,3
144,8,2
144,18,2
30,15,2
653,41,3
653,61,3
7,5,2
8,6,2
146,33,2
146,33,2
146,33,2
944,75,2
944,50,2
944,31,2
944,30,2
338,16,2
338,6,2
47,41,2
47,41,2
803,56,1
239,72,3
239,78,3
239,70,3
239,48,3
34,18,2
25,9,2
55,14,2
50,16,2
50,16,2
50,16,2
50,16,2
1052,64,2
1052,54,2
7,5,2
81,21,2
81,21,2
25,9,2
22,16,2
13,11,2
10,8,2
149,41,2
149,37,2
149,24,2
91,22,2
91,21,2
418,60,1
418,29,1
27,11,2
28,8,3
39,9,2
39,9,2
56,22,2
56,9,2
50,16,2
50,16,2
50,16,2
22,20,2
22,20,2
52,46,3
2645,1123,1
26,10,2
580,75,2
580,93,2
580,99,2
29,13,2
43,17,2
63,9,2
63,9,2
63,21,2
63,21,2
558,71,2
558,49,2
558,22,2
16,14,3
106,6,3
106,16,3
96,15,3
64,6,3
64,16,3
106,15,3
106,16,2
106,6,2
106,15,3
106,16,3
106,15,2
106,6,2
106,16,2
206,16,3
206,6,2
96,15,2
92,16,3
92,15,3
35,6,3
35,1,2
106,16,3
106,15,3
7,5,2
7,5,3
470,24,2
470,33,2
470,34,2
66,21,2
18,16,2
78,8,3
78,8,2
27,11,3
80,23,2
80,24,2
87,14,3
33,17,2
10,8,3
47,28,2
27,11,3
25,23,2
66,32,3
66,32,2
52,6,3
38,16,3
38,28,3
764,82,3
764,143,2
764,62,2
764,83,2
54,8,2
54,18,2
1604,464,3
1604,62,2
1604,84,1
337,99,3
337,126,2
174,24,2
174,22,2
174,22,2
13,11,3
237,108,2
237,186,2
237,154,2
237,113,2
50,16,3
50,14,3
50,16,3
27,10,3
27,11,3
81,24,2
81,24,2
81,34,2
32,16,3
31,15,3
78,17,2
7,5,3
78,17,3
78,19,2
78,16,3
78,15,2
78,6,2
256,34,2
256,36,2
78,6,3
78,6,2
31,25,3
31,12,3
119,39,2
119,27,2
119,39,2
66,19,3
100,21,2
100,21,2
1407,42,3
1407,72,3
1407,52,3
1407,54,2
23,17,3
84,8,3
84,8,3
70,22,3
70,9,3
70,42,3
70,22,3
1225,899,3
154,20,2
154,20,2
154,35,2
154,50,2
36,6,3
36,16,3
40,21,2
40,20,2
36,16,2
3922,93,2
113,32,2
113,34,2
2887,187,2
2887,297,2
2887,285,2
702,277,2
702,230,2
702,231,2
702,278,2
110,62,3
14,12,2
14,12,3
309,56,2
309,86,2
309,42,2
309,52,2
22,16,2
29,11,2
25,9,3
129,17,2
129,17,2
40,28,2
40,6,2
256,20,2
256,36,2
256,40,2
256,38,2
8,6,3
70,8,3
70,23,2
325,169,2
325,371,2
325,188,2
2299,97,3
2299,42,2
2299,63,2
2299,42,2
67,6,3
67,16,2
67,15,2
163,36,2
163,47,2
163,47,2
70,32,2
70,40,2
70,11,2
70,22,2
94,34,2
94,24,2
94,34,2
418,172,3
418,15,2
13,11,2
34,18,2
58,24,2
58,24,2
58,24,2
66,24,3
66,24,2
69,12,3
69,6,3
158,41,2
158,48,2
61,14,2
84,6,2
84,29,2
84,6,2
70,38,2
70,36,2
70,36,2
101,14,3
101,47,3
101,14,3
1073,26,3
1073,35,3
1073,41,2
135,39,2
135,25,2
135,38,2
135,26,2
425,159,3
425,160,3
13,11,2
14,12,2
52,11,3
66,23,3
66,23,3
36,30,3
36,30,2
36,30,2
119,13,3
119,53,2
119,13,2
48,7,3
48,8,2
48,25,2
48,24,2
48,8,2
48,23,2
48,26,2
48,7,2
58,5,2
58,20,2
156,43,2
428,24,2
428,34,2
428,35,2
26,11,3
65,26,3
65,24,2
65,26,2
203,145,3
32,16,3
24,9,2
50,6,3
50,16,3
57,6,2
23,17,2
89,34,2
89,34,2
69,18,3
69,18,2
568,228,3
568,218,3
80,32,2
80,34,2
80,6,2
80,32,2
8,6,3
30,14,3
55,16,2
55,16,2
55,6,2
52,18,2
52,18,2
52,17,2
52,40,2
50,16,2
81,35,2
81,34,2
81,29,2
262,71,3
262,71,3
262,71,3
262,43,2
30,7,3
30,20,3
96,10,3
439,38,3
439,62,2
45,9,3
76,18,2
76,20,2
31,15,3
100,12,2
100,11,2
299,46,3
299,20,3
56,14,3
56,14,3
35,19,3
223,32,3
223,34,3
223,36,3
223,46,3
82,40,3
82,16,3
82,26,3
116,48,3
116,37,3
41,10,3
41,21,3
41,21,3
41,31,3
18,16,2
105,34,3
105,15,2
147,24,3
147,44,3
147,34,3
331,43,3
331,42,3
331,22,3
60,30,3
403,203,3
403,216,3
403,203,3
403,236,3
22,16,3
334,51,3
334,86,3
334,73,2
336,10,3
336,20,3
336,28,3
27,11,2
825,27,3
825,54,3
825,48,3
825,54,2
92,15,3
148,6,2
148,6,2
279,81,3
279,146,2
279,100,2
22,16,3
289,170,3
289,149,3
289,191,3
289,161,3
49,19,2
29,13,2
29,13,3
128,18,3
128,18,3
29,13,3
29,13,2
29,13,3
80,28,3
80,38,3
80,38,3
22,16,3
11,9,3
82,32,2
82,59,2
82,59,2
15,13,3
15,13,3
22,16,2
701,36,3
701,23,3
24,18,3
36,26,3
52,29,3
52,29,3
367,86,3
367,54,3
367,26,3
367,60,2
69,1,2
51,12,3
51,11,3
51,12,3
43,9,3
60,6,3
262,38,2
262,28,2
50,16,3
50,16,3
50,16,2
78,23,3
78,13,3
78,23,3
22,16,3
35,1,2
35,1,3
35,13,3
35,29,3
35,29,2
35,29,3
35,13,3
104,32,3
104,41,3
104,32,3
79,25,3
79,12,3
30,15,3
202,32,3
202,28,3
158,73,3
158,63,3
158,64,3
158,24,2
288,28,3
288,58,2
37,17,3
67,18,3
103,11,3
122,22,3
122,12,2
36,16,3
36,26,3
36,23,3
160,10,3
160,19,3
32,16,3
56,14,3
56,14,3
8,6,3
64,5,3
64,6,3
64,15,3
64,16,3
36,6,3
36,6,3
36,6,3
36,6,3
68,24,2
21,19,3
127,22,3
127,33,3
7,5,3
8,6,3
22,16,3
112,12,3
135,22,2
135,26,2
135,22,2
135,24,2
13,11,2
13,11,3
973,305,2
973,342,2
266,88,3
266,64,3
266,61,3
152,31,2
152,29,2
27,11,3
137,45,3
137,26,3
90,22,3
90,22,3
90,6,3
6729,73,3
6729,73,3
6729,73,3
50,16,3
50,16,2
112,19,2
112,19,2
112,18,2
112,29,2
21,15,3
106,6,2
106,5,2
967,94,3
967,93,3
967,100,3
967,70,3
652,36,3
652,54,3
652,25,2
626,361,3
626,371,3
626,385,3
407,42,1
407,41,1
339,213,2
54,18,2
54,18,2
54,18,2
50,16,2
50,16,2
50,16,2
275,8,3
275,28,3
275,28,3
275,28,3
36,6,3
52,24,2
38,18,2
832,105,2
230,18,3
230,55,2
203,96,2
203,139,2
203,133,2
203,100,2
24,18,3
98,12,3
185,8,3
185,18,3
52,16,2
52,28,2
52,16,2
226,61,2
226,75,2
226,56,2
1250,34,2
1250,46,2
1250,46,2
1250,34,2
51,23,2
51,23,2
75,26,2
75,26,2
24,18,3
37,19,3
96,60,3
271,16,3
271,18,3
271,15,3
214,37,2
214,27,2
214,18,1
214,15,1
108,15,1
108,18,1
129,39,2
129,29,2
129,15,2
453,44,3
453,54,3
453,77,2
114,10,2
114,11,2
1096,59,3
1096,46,3
1096,34,2
1096,71,2
72,27,2
72,27,2
22,16,3
110,18,2
110,18,2
110,31,2
55,14,3
55,14,2
32,26,3
47,20,3
215,79,2
215,78,2
68,20,2
68,20,2
42,6,2
42,6,2
22,16,2
54,16,2
54,26,2
54,26,2
92,33,3
92,13,2
92,33,2
25,9,2
25,9,2
203,96,2
203,133,2
203,133,2
203,98,2
543,57,2
543,27,2
543,47,1
13,11,3
30,9,2
30,9,2
13,11,3
10,8,3
30,9,3
30,9,3
10,8,3
13,11,3
11,9,2
10,8,3
44,19,3
44,9,3
8,6,3
41,1,2
22,16,2
8,6,2
7,5,3
309,18,3
309,8,3
42,19,2
42,19,2
28,22,2
28,22,2
28,22,2
28,12,3
29,13,2
13,11,2
60,42,2
60,42,2
27,11,2
27,11,3
36,1,3
36,1,2
36,1,3
50,6,2
36,1,2
36,1,2
36,20,2
567,311,2
567,62,1
126,27,2
126,15,2
126,40,2
175,23,2
175,67,2
175,45,2
97,29,3
97,29,3
97,7,2
52,18,3
104,11,3
104,11,3
104,11,2
26,8,2
30,14,3
50,11,2
50,11,1
143,52,2
143,29,2
36,30,3
36,30,3
36,30,2
36,30,2
97,14,3
97,31,3
97,31,2
547,49,2
547,42,2
547,16,2
36,18,3
27,8,3
27,9,3
402,50,1
402,38,1
402,50,1
402,28,1
108,23,3
108,13,3
108,23,3
82,60,1
82,57,1
202,28,3
22,16,3
27,11,3
94,13,3
94,23,2
60,23,2
55,37,2
422,48,3
422,8,3
39,19,3
39,9,3
39,8,2
55,9,3
55,8,3
55,19,3
119,31,3
119,46,3
119,31,2
119,15,2
1063,24,3
1063,36,3
1063,38,3
128,32,3
128,28,3
90,22,2
90,22,2
90,32,2
31,25,2
31,12,2
31,25,2
31,25,2
52,11,2
52,12,2
1327,46,2
1327,74,2
1327,154,2
1327,186,1
7105,359,2
7105,321,2
7105,220,2
7105,182,2
162,42,2
162,42,2
162,42,2
162,22,2
27,11,2
46,9,2
106,16,3
22,16,3
106,16,1
120,36,2
120,16,2
120,26,2
106,28,3
106,16,3
78,6,3
78,16,2
78,16,3
78,16,3
78,26,3
78,6,3
502,59,3
502,42,2
164,92,3
164,8,3
40,20,2
40,24,2
40,30,2
64,6,2
64,15,2
64,6,2
37,15,3
37,12,3
37,31,2
50,11,3
50,11,2
683,10,3
683,57,3
683,8,2
74,6,3
672,65,2
672,84,2
24,18,3
7,5,2
703,72,2
703,82,2
998,25,3
998,36,3
998,36,3
998,16,3
44,8,2
22,16,3
82,6,3
7,5,2
22,6,3
52,12,3
52,11,2
12,10,2
38,16,2
38,7,2
503,349,3
503,258,3
110,16,3
25,9,3
5670,50,3
5670,50,3
5670,19,3
213,67,1
213,53,1
213,45,1
213,55,1
71,5,2
71,15,2
71,45,2
104,12,2
104,22,2
981,28,3
697,153,3
697,18,1
697,32,1
134,22,2
8,6,3
338,31,2
338,33,2
338,12,2
115,23,2
115,35,2
115,35,2
164,12,2
164,12,2
28,6,3
646,31,3
646,29,3
646,72,2
646,55,2
32,16,3
32,26,2
16,14,3
29,13,3
25,9,3
80,18,3
80,14,2
38,28,2
38,28,2
13,11,3
396,44,3
396,60,2
396,28,2
396,12,2
52,12,3
270,37,3
270,17,3
270,42,2
606,50,3
104,13,3
38,19,3
48,18,2
96,14,3
96,24,3
60,14,2
50,16,3
8,6,3
35,12,3
74,6,3
84,16,3
84,15,3
23,17,3
74,7,2
1878,126,2
1878,102,2
1878,102,2
1878,88,2
21,19,3
50,26,3
50,26,2
50,26,2
84,8,3
84,8,2
673,21,3
673,20,2
31,15,3
22,16,3
1150,64,2
1150,64,2
94,24,3
94,24,2
94,16,2
94,24,2
273,46,3
273,46,3
273,62,2
8,6,2
1586,44,3
1586,56,3
1586,44,3
22,16,2
52,16,3
52,16,3
27,11,2
2026,115,3
2026,75,3
2026,116,3
8,6,3
24,18,3
38,18,2
38,8,2
9,7,3
60,16,2
106,28,3
106,28,2
27,11,2
8,6,3
28,12,3
11,9,3
114,24,2
114,22,2
114,26,2
63,12,3
54,6,3
31,15,3
92,41,3
92,48,3
450,91,2
450,98,2
450,94,2
450,108,2
28,22,2
28,22,2
188,64,3
188,90,2
188,88,2
1118,345,2
1118,351,2
52,16,3
52,16,3
52,14,3
48,27,3
48,17,3
92,44,3
92,44,3
140,8,3
140,18,3
140,8,2
64,18,3
128,15,3
128,10,2
63,25,3
63,10,3
224,87,1
224,89,1
224,89,1
360,68,2
360,53,2
360,18,2
918,46,3
918,48,3
918,25,3
168,20,3
168,25,3
168,25,3
86,10,2
86,20,2
86,20,2
86,16,2
270,25,2
270,45,2
270,70,2
53,30,3
50,15,3
38,7,2
38,18,2
22,16,3
53,26,3
53,26,2
119,27,2
119,37,2
119,37,2
119,27,2
1220,41,2
1220,28,2
1220,134,2
1220,73,2
42,5,2
25,9,2
147,53,2
147,53,2
147,66,2
528,44,1
528,63,1
528,42,1
528,38,1
23,17,2
300,40,3
300,40,3
300,40,3
44,26,3
402,34,3
96,41,3
96,32,2
96,28,2
96,42,2
613,46,1
14,12,2
255,38,2
255,65,2
22,16,2
13,11,3
194,68,2
194,62,2
194,98,2
170,28,2
170,38,2
170,38,2
49,22,2
49,29,2
164,47,2
164,47,2
164,27,2
27,11,3
8,6,2
49,15,2
49,15,2
49,15,2
104,28,2
104,8,2
100,35,2
100,21,2
100,21,2
196,24,2
54,15,3
147,25,3
147,25,2
147,34,2
147,34,2
90,66,2
90,42,2
39,10,2
52,12,2
52,22,2
52,11,2
36,26,2
36,26,2
16,12,3
22,16,3
181,18,2
54,18,3
695,79,3
695,37,3
695,47,3
27,6,3
27,21,3
57,21,2
57,11,2
30,14,2
180,20,2
966,77,2
45,20,2
45,15,2
45,39,2
45,15,2
34,16,2
1297,41,3
1297,20,3
1297,41,2
147,66,2
147,69,2
147,53,2
147,53,2
31,12,2
38,18,2
50,10,3
50,11,2
107,20,3
107,18,3
26,10,2
26,10,3
7,5,2
50,16,2
50,6,2
50,16,2
30,14,3
25,19,2
346,56,2
346,30,2
346,69,2
23,21,3
563,29,3
563,49,3
563,23,3
563,28,3
27,11,2
14,12,3
996,92,2
996,72,2
310,150,2
310,88,2
46,36,2
46,36,2
46,24,2
38,21,2
226,49,2
226,47,2
226,41,2
54,18,2
54,18,2
54,8,2
22,16,3
63,20,3
63,10,2
76,16,3
76,38,3
76,16,2
22,16,3
8,6,2
128,57,2
128,42,2
128,32,2
128,22,2
108,28,2
108,14,2
108,14,2
8,6,2
51,11,2
51,12,2
104,12,2
104,12,2
50,18,2
33,5,3
29,16,3
29,14,3
23,17,3
20,14,2
219,41,3
219,78,3
219,98,2
807,34,3
807,21,2
807,17,2
807,45,2
266,59,2
266,59,2
266,59,2
58,5,3
58,5,3
64,41,2
64,9,2
64,20,2
106,40,2
106,41,2
106,55,2
106,41,2
209,41,3
209,41,2
209,45,2
209,33,2
27,8,2
27,8,2
27,9,2
127,9,3
723,35,1
723,35,1
723,43,1
52,12,3
52,11,2
52,22,2
1172,61,1
1172,63,1
1172,57,1
1172,59,1
50,11,2
1779,28,2
1779,18,2
1779,27,2
138,46,3
135,22,2
135,24,2
52,24,3
95,22,2
95,22,2
95,27,2
11,9,3
11,9,3
87,22,2
87,6,2
87,6,2
87,20,2
163,15,2
163,18,2
141,47,2
105,20,2
105,30,2
105,20,2
130,52,3
130,32,3
130,30,3
1064,67,2
1064,70,2
1064,48,2
1064,43,2
39,15,3
39,5,3
39,19,3
149,12,3
58,5,3
58,5,3
24,9,3
66,22,3
66,12,3
28,12,3
28,12,3
336,20,3
336,32,3
336,32,3
61,31,3
14,12,3
34,12,3
34,14,3
192,36,3
192,35,3
119,50,3
52,12,3
52,11,3
504,150,3
504,178,3
504,67,2
504,111,1
477,50,3
477,38,3
139,15,3
10,8,3
9,7,3
64,37,3
64,37,3
22,16,3
8,6,3
431,34,3
431,24,3
1748,375,2
1748,388,2
132,70,3
106,25,3
47,29,3
26,11,3
245,21,3
171,21,3
228,27,3
228,17,3
228,18,3
222,20,3
222,66,3
135,24,2
135,22,2
72,20,3
513,67,3
513,68,3
513,40,3
51,14,3
51,12,3
51,14,3
62,16,3
62,12,3
62,15,3
86,22,3
56,14,3
56,14,3
68,12,3
68,23,3
68,24,3
122,36,3
122,8,3
122,26,3
5959,24,3
5959,33,3
143,70,3
143,70,3
143,70,3
143,70,3
48,18,3
38,28,3
38,28,3
203,48,3
203,52,3
203,64,2
130,23,3
130,67,3
130,24,3
48,32,3
12,10,3
19,17,3
83,46,3
83,46,3
299,180,3
386,22,3
386,45,3
386,32,3
386,18,3
202,22,2
202,22,1
202,23,1
933,20,3
933,76,3
933,36,3
28,10,3
1338,11,1
1338,30,1
1338,33,1
1338,21,1
44,11,3
300,46,3
300,46,3
300,19,3
31,15,3
47,29,3
580,63,3
580,37,3
580,43,2
313,65,3
313,20,3
313,43,3
313,43,3
8,6,3
57,47,3
57,47,3
13,11,3
32,14,3
963,53,3
963,43,2
963,54,2
963,53,2
134,22,2
134,22,2
134,24,2
136,42,3
136,42,3
31,23,3
31,8,3
31,25,3
12,10,3
68,20,3
68,18,3
68,8,3
655,584,3
14,12,3
96,35,3
96,22,3
96,22,3
182,40,3
182,40,3
53,8,3
53,20,3
53,20,3
412,123,2
412,171,2
253,31,2
253,32,2
253,40,2
253,64,2
58,9,3
50,6,3
50,16,3
56,14,3
56,14,3
41,19,3
41,10,3
1662,886,1
52,16,3
52,16,3
1081,120,3
1081,152,3
1081,125,3
1081,85,2
62,22,3
62,12,3
58,18,3
58,20,3
58,10,3
129,10,3
129,24,3
414,280,3
313,46,3
313,40,3
313,36,3
313,52,3
30,14,3
44,23,3
44,33,3
44,24,3
12,10,3
144,21,3
144,8,3
22,16,3
22,16,3
135,22,2
22,16,3
132,55,3
132,62,3
132,62,3
132,67,3
117,11,3
288,59,3
288,58,3
288,61,3
93,23,3
93,23,2
93,15,2
93,33,2
64,16,3
64,6,3
50,16,3
50,16,3
50,36,3
50,14,3
36,6,3
36,16,3
28,11,3
28,12,3
34,28,3
148,7,3
148,79,3
148,46,3
148,36,3
324,34,3
324,24,3
78,15,3
78,5,3
151,24,3
151,24,3
22,6,3
26,10,3
26,20,3
26,6,3
26,10,3
36,26,3
176,26,3
176,46,3
176,13,3
176,20,3
90,18,3
3640,34,3
3640,24,3
3640,49,3
33,15,3
124,16,3
48,5,3
48,5,3
35,6,3
35,6,3
132,16,3
132,1,3
78,16,3
78,26,3
36,16,3
36,16,3
21,15,3
133,16,3
133,26,3
133,6,3
133,1,3
36,16,3
36,6,3
147,22,2
147,26,2
355,53,2
355,47,2
355,22,2
4439,76,3
4439,31,3
4439,32,3
4439,12,3
2298,69,3
2298,80,3
2298,72,3
713,74,3
713,80,2
713,58,2
25,9,3
29,10,3
55,24,3
55,14,2
55,13,1
43,37,3
43,37,3
8,6,3
36,6,3
36,6,3
36,16,3
8,6,3
210,29,3
210,29,2
210,19,2
7476,18,3
7476,40,3
7476,40,3
7476,39,3
2449,31,3
2449,366,2
93,15,3
93,6,3
426,158,3
37,19,3
70,12,3
70,23,3
70,24,3
29,13,3
120,30,3
120,14,3
35,19,3
153,36,3
153,36,3
153,16,2
2385,114,2
2385,130,2
58,5,3
58,5,3
27,11,3
76,8,3
76,18,3
76,18,3
46,19,3
46,9,3
46,9,3
135,22,2
24,18,3
306,61,3
89,34,3
78,13,3
39,9,3
39,6,3
28,8,3
53,6,3
53,16,3
53,6,3
24,18,3
52,11,3
52,12,3
14,12,3
170,19,3
170,29,2
170,29,2
44,10,3
51,10,3
51,26,3
149,71,3
149,67,3
149,57,3
149,70,3
78,6,3
78,16,3
78,6,3
11,9,3
86,16,3
23,17,3
100,10,3
50,40,3
2914,28,3
2914,27,3
2914,28,3
281,32,3
281,22,3
7,5,3
1144,19,3
1144,9,3
22,16,3
89,34,3
73,1,3
152,75,3
152,34,3
152,35,3
7,5,3
26,10,3
44,13,3
44,13,3
48,12,3
245,23,3
245,44,3
245,24,3
27,11,3
151,6,3
151,20,3
47,29,3
86,12,3
25,9,3
8,6,3
22,16,3
50,16,3
50,16,3
28,12,3
2620,24,3
94,24,3
94,16,3
94,24,3
27,11,3
27,11,3
28,22,3
28,9,3
109,24,3
109,14,3
109,24,3
26,10,3
8,6,3
170,23,3
170,14,3
170,24,1
226,12,3
226,41,3
226,24,3
194,46,3
194,46,3
288,22,3
288,22,3
288,26,2
108,34,3
108,50,3
108,38,3
26,10,3
254,121,3
254,93,3
254,120,3
254,77,2
167,47,3
167,32,3
99,17,3
99,31,3
99,32,3
175,22,3
296,8,3
296,32,2
99,10,3
99,24,2
1,1,3
14,12,2
1905,84,3
1905,120,3
1905,84,3
54,18,3
54,8,3
1876,75,2
1876,102,2
1876,114,2
25,9,3
302,136,3
302,146,3
94,24,3
94,24,3
700,17,2
700,27,2
10,8,3
286,156,3
758,33,3
758,65,3
758,64,3
50,11,3
36,6,3
500,50,3
500,29,3
500,38,3
500,53,3
178,78,3
178,79,3
178,79,3
178,103,3
22,16,3
22,16,3
10,8,3
471,179,3
471,155,3
53,5,3
53,15,3
53,15,3
111,10,3
111,10,3
111,21,3
58,10,3
58,20,3
58,34,3
233,60,3
233,40,2
233,40,2
7,5,3
518,202,3
518,35,3
518,25,3
518,37,3
49,21,3
49,11,3
202,50,3
202,22,3
202,85,3
424,22,3
424,50,3
424,40,3
99,22,3
13,11,3
496,366,3
62,22,3
62,22,2
62,22,2
15,13,3
100,21,3
100,21,3
143,21,2
143,20,2
143,21,2
143,21,2
10,8,3
295,44,3
295,18,3
48,14,3
48,12,3
81,16,3
81,21,3
81,6,3
8,6,3
96,35,2
96,22,2
96,35,2
96,35,2
284,36,3
185,29,3
185,29,3
185,39,3
22,16,3
538,50,3
538,18,3
538,36,3
236,26,3
236,56,2
51,19,3
405,24,3
405,15,3
405,42,3
405,33,3
100,18,3
180,30,3
180,32,3
180,30,2
196,31,2
196,37,2
54,20,3
64,22,3
64,22,2
64,12,2
72,10,3
162,51,2
162,16,2
162,16,2
162,16,2
178,11,3
66,1,3
52,23,3
259,146,2
259,117,2
259,145,2
259,133,2
82,18,3
82,8,3
82,8,2
54,18,3
54,8,3
54,18,3
78,30,3
78,30,3
189,36,3
189,38,2
60,27,3
60,27,3
60,27,3
58,6,3
58,6,3
11,9,3
124,16,2
124,16,2
124,16,2
124,16,2
51,10,3
10,8,3
31,15,3
96,16,3
96,14,3
96,20,3
60,32,3
60,32,3
60,32,3
125,22,3
125,22,3
125,22,3
25,9,3
22,16,3
27,11,3
33,15,3
148,6,2
148,6,2
36,26,3
36,26,3
174,40,2
174,40,2
28,22,3
28,8,3
28,8,3
24,18,3
55,24,3
55,18,3
24,18,3
24,18,3
78,22,2
78,26,2
78,26,2
257,97,2
257,34,2
257,99,2
1674,15,3
1674,14,3
37,6,3
832,64,3
832,79,3
642,52,2
642,69,2
642,116,2
642,32,2
22,16,3
36,16,3
36,16,3
166,60,2
166,65,2
166,112,2
166,96,2
939,61,3
939,41,3
939,41,3
939,41,3
84,33,3
27,11,3
210,38,3
210,8,3
176,21,3
176,11,3
17,15,3
84,17,3
201,49,3
201,49,3
103,12,3
26,8,3
26,20,3
36,20,3
36,20,3
7,5,3
26,10,3
62,28,3
95,22,3
40,15,3
40,15,3
94,34,3
94,34,3
94,34,3
17,15,3
172,17,3
172,44,3
172,94,3
39,20,3
31,24,3
31,12,3
31,25,3
411,209,3
411,129,2
411,92,2
38,19,3
43,20,3
70,24,3
72,24,2
72,24,2
72,24,2
72,24,2
8,6,3
107,19,3
107,25,3
107,20,3
44,11,3
44,34,3
22,16,3
41,18,3
41,18,3
22,16,3
121,58,3
121,62,3
121,21,3
121,33,3
208,67,3
208,37,3
208,21,3
208,57,3
834,52,3
834,42,3
834,43,2
24,18,3
34,18,3
45,18,3
45,18,3
846,481,3
846,429,2
35,19,3
35,19,3
7,5,3
12,10,3
72,8,3
72,8,3
14,12,3
29,13,3
65,9,3
65,24,3
65,34,3
65,33,3
171,36,3
171,42,3
171,40,3
56,16,3
74,16,3
29,10,3
29,10,3
77,22,3
98,12,3
46,18,3
51,17,3
115,20,2
115,22,2
5190,22,3
5190,37,3
1324,81,3
1324,12,3
1324,12,3
135,22,2
52,12,3
52,11,3
62,22,3
62,22,3
62,22,3
272,61,3
272,76,3
34,16,3
22,16,3
752,43,3
752,54,3
752,11,3
752,30,2
317,22,1
317,42,1
22,16,3
110,14,1
220,28,3
220,8,3
220,8,3
84,14,3
84,12,3
163,44,3
163,65,3
52,26,3
52,38,3
52,26,3
11,9,3
8,6,3
57,37,3
50,15,2
50,16,2
50,16,2
50,16,2
198,66,2
198,52,2
39,15,3
64,26,3
64,26,3
31,25,3
31,15,3
16,14,3
17,15,3
4079,48,3
4079,82,3
4079,82,3
4079,100,3
22,16,3
83,14,3
83,9,3
71,8,3
71,24,3
32,10,3
32,14,3
24,18,3
231,16,3
49,1,3
49,16,3
245,16,3
245,16,3
434,26,3
434,36,3
203,16,3
203,26,3
203,36,3
50,6,3
50,16,3
50,6,3
133,6,3
133,16,3
120,26,3
120,26,3
120,6,3
44,8,3
44,8,3
16,12,3
132,42,3
132,42,3
119,13,3
119,13,3
8,6,3
189,30,2
189,50,1
189,69,1
111,16,3
111,10,2
32,14,3
58,6,3
58,36,3
58,6,2
99,22,3
99,12,3
435,32,2
435,18,2
8,6,3
30,24,3
45,21,3
45,21,3
108,28,3
108,28,3
108,26,3
100,21,3
100,21,3
100,32,3
65,28,3
65,34,3
174,22,3
174,24,3
58,31,2
58,31,2
58,31,2
58,20,2
34,10,2
34,21,2
13,11,2
115,16,3
115,6,3
117,22,3
117,11,3
66,24,3
66,24,3
50,15,3
50,6,2
112,14,3
112,26,1
50,16,3
50,16,3
663,76,2
663,70,2
663,70,2
22,16,3
24,9,3
22,16,3
849,64,2
8,6,3
135,22,2
135,22,2
22,6,3
346,76,3
346,76,3
24,18,3
331,42,3
331,33,3
331,37,3
331,32,2
370,54,3
370,15,3
370,64,3
370,38,2
35,5,3
35,14,3
35,16,3
35,29,3
35,29,3
35,29,3
35,13,3
35,29,3
35,1,3
35,29,3
35,29,3
48,12,3
37,19,3
